Id,OverallQual,YearBuilt,TotalBsmtSF,Electrical,GrLivArea,FullBath,GarageType,GarageCars,GarageArea,Fence,MiscFeature,SalePrice
1,7,2003,856,SBrkr,1710,2,Attchd,2,548,NA,NA,208500
2,6,1976,1262,SBrkr,1262,2,Attchd,2,460,NA,NA,181500
3,7,2001,920,SBrkr,1786,2,Attchd,2,608,NA,NA,223500
4,7,1915,756,SBrkr,1717,1,Detchd,3,642,NA,NA,140000
5,8,2000,1145,SBrkr,2198,2,Attchd,3,836,NA,NA,250000
6,5,1993,796,SBrkr,1362,1,Attchd,2,480,MnPrv,Shed,143000
7,8,2004,1686,SBrkr,1694,2,Attchd,2,636,NA,NA,307000
8,7,1973,1107,SBrkr,2090,2,Attchd,2,484,NA,Shed,200000
9,5,1939,991,SBrkr,1077,1,NA,1,205,NA,NA,118000
10,5,1965,1040,SBrkr,1040,1,Detchd,1,384,NA,NA,129500
11,9,2005,1175,SBrkr,2324,3,BuiltIn,3,736,NA,NA,345000
12,5,1962,912,SBrkr,912,1,Detchd,1,352,NA,NA,144000
13,7,2006,1494,SBrkr,1494,2,Attchd,3,840,NA,NA,279500
14,6,1960,1253,SBrkr,1253,1,Attchd,1,352,GdWo,NA,157000
15,7,1929,832,FuseA,854,1,Detchd,2,576,GdPrv,NA,132000
16,6,1970,1004,SBrkr,1004,1,Attchd,2,480,NA,Shed,149000
17,4,1967,0,SBrkr,1296,2,CarPort,2,516,NA,Shed,90000
18,5,1958,1029,SBrkr,1339,1,Attchd,1,294,MnPrv,NA,139000
19,8,2005,1158,SBrkr,2376,3,BuiltIn,3,853,NA,NA,325300
20,7,1930,637,FuseF,1108,1,Attchd,1,280,GdPrv,NA,139400
21,8,2002,1777,SBrkr,1795,2,Attchd,2,534,NA,NA,230000
22,5,1976,1040,SBrkr,1060,1,Attchd,2,572,NA,NA,129900
23,5,1968,1060,SBrkr,1060,1,NA,1,270,MnPrv,NA,154000
24,8,2007,1566,SBrkr,1600,2,Attchd,3,890,NA,NA,256300
25,5,1951,900,SBrkr,900,1,Detchd,2,576,NA,NA,134800
26,8,2007,1704,SBrkr,1704,2,Attchd,3,772,NA,NA,306000
27,5,1957,1484,SBrkr,1600,1,NA,1,319,NA,NA,207500
28,4,1927,520,SBrkr,520,1,Detchd,1,240,NA,NA,68500
29,4,1920,649,SBrkr,1317,1,Detchd,1,250,MnPrv,NA,40000
30,5,1966,1228,SBrkr,1228,1,Attchd,1,271,MnPrv,NA,149350
31,8,2007,1234,SBrkr,1234,2,Attchd,2,484,NA,NA,179900
32,5,1959,1398,SBrkr,1700,1,Attchd,2,447,NA,NA,165500
33,9,2005,1561,SBrkr,1561,2,Attchd,2,556,NA,NA,277500
34,8,2004,1117,SBrkr,2452,3,BuiltIn,3,691,NA,NA,309000
35,5,1994,1097,SBrkr,1097,1,Attchd,2,672,NA,NA,145000
36,5,1954,1297,SBrkr,1297,1,Attchd,2,498,NA,NA,153000
37,5,1953,1057,SBrkr,1057,1,Detchd,1,246,NA,NA,109000
38,4,1955,0,FuseP,1152,2,NA,0,0,NA,NA,82000
39,6,1965,1088,SBrkr,1324,2,Attchd,2,440,GdWo,NA,160000
40,5,1959,1350,SBrkr,1328,1,NA,1,308,NA,NA,170000
41,5,1983,840,SBrkr,884,1,Attchd,2,504,MnPrv,NA,144000
42,5,1975,938,SBrkr,938,1,Detchd,1,308,MnPrv,NA,130250
43,5,1959,1150,FuseA,1150,1,Attchd,1,300,NA,NA,141000
44,9,2005,1752,SBrkr,1752,2,Attchd,2,576,NA,NA,319900
45,7,2003,1434,SBrkr,2149,1,Attchd,2,670,NA,NA,239686
46,8,2006,1656,SBrkr,1656,2,Attchd,3,826,NA,NA,249700
47,4,1920,736,SBrkr,1452,2,NA,0,0,NA,NA,113000
48,5,1966,955,SBrkr,955,1,NA,1,386,MnPrv,NA,127000
49,6,1997,794,SBrkr,1470,2,Attchd,2,388,NA,NA,177000
50,5,1963,816,SBrkr,816,1,CarPort,2,516,NA,NA,110000
51,9,1981,1842,SBrkr,1842,0,Attchd,3,894,NA,NA,385000
52,5,1955,384,SBrkr,1360,1,Detchd,2,572,MnPrv,NA,130000
53,6,1964,1425,SBrkr,1425,2,Attchd,2,576,NA,NA,180500
54,8,1999,970,SBrkr,1739,2,Attchd,2,480,NA,NA,172500
55,7,2004,860,SBrkr,1720,2,Attchd,2,565,NA,NA,196500
56,10,2006,1410,SBrkr,2945,3,BuiltIn,3,641,NA,NA,438780
57,5,1972,780,SBrkr,780,1,Detchd,1,352,MnPrv,NA,124900
58,8,2006,1370,SBrkr,1370,2,Attchd,2,484,NA,NA,202500
59,7,1921,576,SBrkr,1710,2,Detchd,2,480,GdPrv,NA,140000
60,7,1997,1057,SBrkr,2034,2,Attchd,2,645,GdPrv,NA,219500
61,8,2004,1143,SBrkr,2473,2,BuiltIn,3,852,NA,NA,317000
62,7,1970,1947,SBrkr,2207,2,Attchd,2,576,NA,NA,180000
63,7,2003,1453,SBrkr,1479,2,Attchd,2,558,NA,NA,226000
64,4,1945,747,SBrkr,747,1,NA,1,220,NA,NA,80000
65,7,1953,1304,SBrkr,2287,2,Attchd,2,667,NA,NA,225000
66,7,1973,2223,SBrkr,2223,2,Attchd,2,516,NA,NA,244000
67,4,1982,845,SBrkr,845,1,Detchd,2,360,NA,NA,129500
68,7,1998,832,SBrkr,1718,2,Attchd,2,427,NA,NA,185000
69,5,1954,1086,SBrkr,1086,1,Attchd,2,490,GdWo,NA,144900
70,3,1915,840,SBrkr,1605,2,Detchd,1,379,NA,NA,107400
71,4,1973,462,SBrkr,988,1,BuiltIn,1,297,GdWo,NA,91000
72,4,1956,952,FuseA,952,1,Detchd,1,283,NA,NA,135750
73,5,1948,672,SBrkr,1285,1,Detchd,1,240,MnPrv,NA,127000
74,4,1968,1768,SBrkr,1768,2,NA,0,0,NA,NA,136500
75,6,1968,896,SBrkr,2142,2,Attchd,1,509,NA,NA,193500
76,8,2007,1563,SBrkr,1563,2,Attchd,3,758,NA,NA,245000
77,7,1995,384,SBrkr,1474,2,BuiltIn,2,400,NA,Shed,168500
78,8,1991,1288,SBrkr,2417,2,Attchd,2,462,NA,NA,260000
79,6,2009,612,SBrkr,1224,2,Detchd,2,528,NA,NA,164500
80,3,1915,1013,SBrkr,1526,1,NA,0,0,MnPrv,NA,85000
81,4,1994,990,SBrkr,990,1,NA,0,0,NA,NA,123600
82,4,1950,0,FuseA,1040,1,Detchd,2,420,NA,NA,109900
83,5,1961,1235,SBrkr,1235,1,Attchd,2,480,GdWo,NA,98600
84,5,1921,876,SBrkr,964,1,Detchd,2,432,NA,NA,163500
85,6,1997,824,SBrkr,1786,2,Attchd,2,684,NA,NA,204750
86,6,1993,680,SBrkr,1470,2,BuiltIn,2,420,NA,Shed,185000
87,7,1999,1588,SBrkr,1588,2,Attchd,2,472,NA,NA,214000
88,5,1920,458,SBrkr,835,1,Basment,1,366,NA,Shed,83000
89,4,1959,950,SBrkr,1225,1,NA,0,0,NA,Shed,128950
90,6,1977,1610,SBrkr,1610,2,Attchd,2,480,NA,NA,205000
91,6,1985,741,SBrkr,1732,2,Attchd,2,476,NA,NA,178000
92,5,1979,0,SBrkr,1535,2,Attchd,2,410,NA,NA,118964
93,7,2009,1226,SBrkr,1226,2,Attchd,3,740,NA,NA,198900
94,7,1931,1040,FuseF,1818,1,Detchd,1,240,NA,NA,169500
95,8,2003,1053,SBrkr,1992,2,Attchd,2,648,NA,NA,250000
96,4,1885,641,SBrkr,1047,1,Detchd,1,273,NA,Shed,100000
97,5,1948,789,SBrkr,789,1,Detchd,1,250,NA,NA,115000
98,5,1919,793,FuseF,1517,2,NA,0,0,NA,NA,115000
99,6,1977,1844,SBrkr,1844,2,Attchd,2,546,MnPrv,NA,190000
100,6,1954,994,SBrkr,1855,2,NA,1,325,NA,NA,136900
101,7,2000,384,SBrkr,1430,2,BuiltIn,2,400,NA,NA,180000
102,7,2007,1264,SBrkr,2696,2,BuiltIn,3,792,NA,NA,383970
103,6,1953,1809,SBrkr,2259,2,Basment,2,450,MnPrv,NA,217000
104,6,1945,1028,SBrkr,2320,2,Detchd,1,180,MnPrv,NA,259500
105,6,1999,729,SBrkr,1458,2,Detchd,2,440,NA,NA,176000
106,5,1962,1092,SBrkr,1092,1,Attchd,1,288,NA,NA,139000
107,5,2006,1125,SBrkr,1125,1,Attchd,2,430,NA,NA,155000
108,7,1990,1673,SBrkr,3222,3,Attchd,3,594,NA,NA,320000
109,6,2005,728,SBrkr,1456,2,Attchd,2,390,NA,NA,163990
110,6,1969,938,SBrkr,988,1,Attchd,2,540,NA,NA,180000
111,4,1939,732,SBrkr,1123,1,Detchd,1,264,MnPrv,NA,100000
112,6,1958,1080,SBrkr,1080,1,NA,1,288,NA,NA,136000
113,6,1993,1199,SBrkr,1199,2,Attchd,2,530,NA,NA,153900
114,6,1979,1362,SBrkr,1586,2,Attchd,2,435,NA,NA,181000
115,6,1935,520,SBrkr,754,1,NA,0,0,NA,NA,84500
116,6,1976,1078,SBrkr,958,2,Attchd,2,440,NA,NA,128000
117,5,1930,672,SBrkr,840,1,NA,0,0,NA,NA,87000
118,6,1966,660,SBrkr,1348,1,Attchd,2,453,NA,NA,155000
119,5,1958,1008,FuseA,1053,1,2Types,2,750,MnWw,NA,150000
120,7,1966,924,SBrkr,2157,2,Attchd,2,487,GdPrv,NA,226000
121,6,2000,992,SBrkr,2054,2,BuiltIn,2,390,NA,NA,244000
122,5,1959,1063,SBrkr,1327,1,Detchd,2,624,NA,NA,150750
123,8,2001,1267,SBrkr,1296,2,Attchd,2,471,NA,NA,220000
124,5,1968,1461,SBrkr,1721,2,Attchd,2,440,MnPrv,NA,180000
125,7,1970,1304,SBrkr,1682,2,Attchd,2,530,MnPrv,NA,174000
126,5,1967,1214,SBrkr,1214,2,NA,1,318,NA,NA,143000
127,7,1988,1907,SBrkr,1959,3,2Types,3,766,NA,NA,171000
128,8,1999,1004,SBrkr,1852,2,Attchd,3,660,GdPrv,NA,230000
129,6,1997,928,SBrkr,1764,2,Attchd,2,470,MnPrv,NA,231500
130,4,1971,864,SBrkr,864,1,NA,0,0,NA,NA,115000
131,7,2005,1734,SBrkr,1734,2,Attchd,2,660,NA,NA,260000
132,5,1952,910,SBrkr,1385,2,Detchd,2,720,MnPrv,NA,166000
133,7,1999,1490,SBrkr,1501,2,Attchd,2,577,NA,NA,204000
134,6,2004,970,SBrkr,1709,2,Detchd,2,380,NA,NA,130000
135,5,1931,715,FuseA,875,1,Detchd,1,180,NA,NA,105000
136,7,2001,884,SBrkr,2035,2,BuiltIn,2,434,NA,NA,222500
137,7,2004,1080,SBrkr,1080,1,NA,0,0,NA,NA,141000
138,5,1975,969,SBrkr,969,1,Attchd,2,440,MnPrv,NA,122000
139,8,2007,1710,SBrkr,1710,2,Attchd,3,866,NA,NA,372402
140,6,1971,825,SBrkr,1993,2,Attchd,2,495,GdWo,NA,190000
141,6,1960,1602,SBrkr,1252,1,Attchd,2,564,NA,NA,235000
142,6,1923,1200,FuseA,1200,1,Detchd,1,312,NA,NA,125000
143,6,1924,572,FuseF,1096,1,NA,0,0,NA,NA,79000
144,8,2009,774,SBrkr,1968,2,BuiltIn,3,680,NA,NA,269500
145,7,2004,991,SBrkr,1947,2,Attchd,2,678,GdWo,NA,254900
146,7,2005,1392,SBrkr,2462,2,Attchd,2,576,NA,NA,320000
147,6,1984,1232,SBrkr,1232,2,Attchd,2,516,NA,NA,162500
148,9,2003,1572,SBrkr,2668,2,BuiltIn,3,726,NA,NA,412500
149,4,1956,882,SBrkr,882,1,NA,0,0,MnPrv,NA,103200
150,6,1926,1149,FuseA,1616,2,Detchd,1,216,NA,NA,152000
151,5,1940,644,SBrkr,1355,2,NA,0,0,NA,NA,127500
152,5,1955,1617,FuseA,1867,1,Attchd,1,303,GdWo,NA,190000
153,8,2007,1582,SBrkr,2161,1,Attchd,3,789,NA,NA,325624
154,7,2004,840,SBrkr,1720,2,Attchd,2,440,NA,NA,183500
155,8,1981,1686,SBrkr,1707,2,Attchd,2,511,NA,NA,228000
156,5,1941,720,SBrkr,1382,1,Detchd,2,660,NA,NA,128500
157,6,1960,1080,SBrkr,1656,1,Attchd,2,528,NA,NA,215000
158,7,1987,1064,SBrkr,1767,2,Attchd,2,504,NA,NA,239000
159,6,1961,1362,SBrkr,1362,1,Attchd,2,504,NA,NA,163000
160,6,1986,1606,SBrkr,1651,2,Attchd,2,616,NA,NA,184000
161,6,1950,1202,SBrkr,2158,2,Attchd,2,576,MnPrv,NA,243000
162,6,1988,1151,SBrkr,2060,2,Attchd,2,521,NA,NA,211000
163,5,1958,1052,SBrkr,1920,2,Attchd,2,451,NA,NA,172500
164,9,2008,2216,SBrkr,2234,2,Attchd,3,1166,NA,NA,501837
165,6,2000,756,SBrkr,1525,2,Detchd,2,440,NA,NA,177000
166,7,1920,793,SBrkr,1802,1,Detchd,1,216,NA,NA,200100
167,5,1957,0,SBrkr,1340,1,NA,1,252,MnPrv,NA,120000
168,7,2003,1362,SBrkr,2082,2,Detchd,2,484,NA,NA,200000
169,5,1908,504,SBrkr,1252,1,Attchd,2,576,MnPrv,NA,127000
170,10,1892,1107,SBrkr,3608,2,Detchd,3,840,GdPrv,NA,475000
171,5,1916,660,SBrkr,1656,2,Detchd,1,180,MnPrv,NA,135000
172,5,1979,1086,SBrkr,1224,0,Detchd,2,528,NA,NA,153337
173,8,2001,1593,SBrkr,1593,1,Attchd,2,682,NA,NA,286000
174,8,1932,853,SBrkr,2727,2,Detchd,2,440,NA,NA,315000
175,7,1972,725,SBrkr,1479,1,Attchd,2,484,NA,NA,184000
176,7,1999,1431,SBrkr,1431,2,Attchd,2,666,NA,NA,192000
177,5,1972,864,SBrkr,864,1,Detchd,1,352,NA,NA,127000
178,6,1976,855,SBrkr,1456,2,Attchd,2,440,NA,NA,148500
179,7,2007,1726,SBrkr,1726,2,Attchd,3,786,NA,NA,311872
180,8,1918,1360,SBrkr,3112,2,Detchd,2,795,GdPrv,NA,235000
181,6,1912,755,SBrkr,2229,1,NA,0,0,MnPrv,NA,104000
182,8,2004,1713,SBrkr,1713,2,Attchd,3,856,NA,NA,274900
183,4,2003,1121,SBrkr,1121,2,Attchd,2,440,NA,NA,140000
184,6,1924,617,SBrkr,1310,2,NA,1,398,NA,NA,112000
185,6,2004,848,SBrkr,848,1,Attchd,2,420,NA,NA,149000
186,5,1947,720,SBrkr,1284,1,Detchd,1,240,MnWw,NA,110000
187,7,1990,1424,SBrkr,1442,2,Attchd,2,500,NA,NA,180500
188,5,1962,1140,SBrkr,1696,1,Attchd,1,349,NA,NA,143900
189,4,1960,1100,SBrkr,1100,1,Attchd,1,312,GdWo,NA,141000
190,7,1988,1157,SBrkr,2062,2,Attchd,2,454,NA,NA,277000
191,6,1964,1092,SBrkr,1092,1,Attchd,2,504,MnPrv,NA,145000
192,5,1925,864,FuseA,864,1,NA,0,0,NA,NA,98000
193,6,2009,1212,SBrkr,1212,2,Attchd,2,460,NA,NA,186000
194,7,2009,900,SBrkr,1852,2,Attchd,2,644,NA,NA,252678
195,5,1995,990,SBrkr,990,1,Attchd,2,576,NA,NA,156000
196,6,1977,689,SBrkr,1392,1,NA,1,299,MnPrv,Shed,161750
197,5,1957,1070,SBrkr,1236,1,NA,1,447,MnPrv,NA,134450
198,7,2004,1436,SBrkr,1436,2,Attchd,2,484,NA,NA,210000
199,4,1925,686,SBrkr,1328,1,Detchd,1,210,NA,NA,107000
200,7,1939,798,SBrkr,1954,1,Attchd,2,431,NA,NA,311500
201,7,2005,1248,SBrkr,1248,2,Attchd,2,438,NA,NA,167240
202,7,2006,1498,SBrkr,1498,2,Attchd,2,675,NA,NA,204900
203,6,2002,1010,SBrkr,2267,2,BuiltIn,2,390,NA,NA,200000
204,6,1975,713,SBrkr,1552,2,Attchd,2,434,MnPrv,NA,179900
205,4,1971,864,SBrkr,864,1,Detchd,2,576,NA,NA,97000
206,10,2003,2392,SBrkr,2392,2,Attchd,3,968,NA,NA,386250
207,5,1971,630,SBrkr,1302,2,Detchd,1,280,NA,NA,112000
208,7,1995,1203,SBrkr,2520,2,Attchd,3,721,NA,NA,290000
209,6,1970,483,SBrkr,987,1,Detchd,1,280,NA,NA,106000
210,5,1967,912,SBrkr,912,1,Detchd,1,336,MnPrv,NA,125000
211,7,2005,1373,SBrkr,1555,2,Attchd,2,430,NA,NA,192500
212,6,1959,1194,SBrkr,1194,1,Attchd,1,312,NA,NA,148000
213,8,1995,1462,SBrkr,2794,2,Attchd,3,810,NA,NA,403000
214,6,1972,483,SBrkr,987,1,NA,1,288,NA,NA,94500
215,5,1976,894,SBrkr,894,1,Attchd,1,308,MnPrv,NA,128200
216,6,2002,860,SBrkr,1960,2,BuiltIn,2,440,NA,NA,216500
217,6,1971,483,SBrkr,987,1,Detchd,1,264,NA,NA,89500
218,7,2004,1414,SBrkr,1414,2,Attchd,2,494,NA,NA,185500
219,7,1993,996,SBrkr,1744,2,Attchd,2,457,NA,NA,194500
220,8,2007,1694,SBrkr,1694,2,Attchd,3,818,NA,NA,318000
221,6,1945,735,FuseA,1487,1,Detchd,1,220,MnPrv,NA,113000
222,8,2008,1566,SBrkr,1566,2,Attchd,2,750,NA,NA,262500
223,5,1945,686,SBrkr,866,1,NA,0,0,NA,NA,110500
224,5,1900,540,FuseA,1440,1,Attchd,1,352,NA,NA,79000
225,6,1980,626,SBrkr,1217,1,NA,1,288,NA,NA,120000
226,7,1994,948,SBrkr,2110,2,Attchd,2,463,NA,NA,205000
227,7,1988,1845,SBrkr,1872,2,Attchd,2,604,NA,NA,241500
228,6,1910,1020,FuseP,1928,2,Detchd,1,440,NA,NA,137000
229,6,1954,1367,SBrkr,1375,1,Attchd,2,451,NA,NA,140000
230,7,2003,840,SBrkr,1668,2,Attchd,2,500,NA,NA,180000
231,6,1958,1444,SBrkr,2144,2,Attchd,2,389,NA,Shed,277000
232,3,1940,728,SBrkr,1306,1,NA,0,0,GdWo,Shed,76500
233,8,2006,1573,SBrkr,1625,2,Attchd,2,538,NA,NA,235000
234,6,2004,798,SBrkr,1640,2,Attchd,2,520,NA,NA,173000
235,6,1964,1302,SBrkr,1302,2,Attchd,1,309,MnPrv,NA,158000
236,5,1957,1314,SBrkr,1314,1,NA,1,294,NA,NA,145000
237,7,1999,975,SBrkr,2291,2,BuiltIn,2,429,NA,NA,230000
238,6,2003,864,SBrkr,1728,2,Attchd,2,673,NA,NA,207500
239,7,2006,1604,SBrkr,1604,2,Attchd,2,660,NA,NA,220000
240,7,2001,963,SBrkr,1792,2,Attchd,2,564,NA,NA,231500
241,5,1956,0,FuseA,882,1,Detchd,1,308,NA,NA,97000
242,6,1962,1362,SBrkr,1382,1,Attchd,2,884,GdWo,NA,176000
243,8,2007,1482,SBrkr,2574,2,BuiltIn,3,868,NA,NA,276000
244,6,1977,506,SBrkr,1212,1,Attchd,2,492,GdWo,NA,151000
245,5,1929,926,SBrkr,1316,1,Detchd,2,484,NA,NA,130000
246,5,1925,680,FuseP,764,1,Detchd,2,504,NA,NA,73000
247,6,1981,1422,SBrkr,1422,2,Attchd,2,576,GdPrv,NA,175500
248,6,1997,802,SBrkr,1511,2,Attchd,2,413,NA,NA,185000
249,5,1939,720,SBrkr,2192,2,Detchd,1,240,NA,NA,179500
250,5,1940,740,SBrkr,778,1,Detchd,1,924,NA,NA,120500
251,6,1976,1143,SBrkr,1113,1,NA,1,504,GdPrv,NA,148000
252,8,2006,1095,SBrkr,1939,2,Attchd,3,1053,NA,NA,266000
253,7,1954,1385,SBrkr,1363,1,Attchd,2,439,NA,NA,241500
254,8,1999,1152,SBrkr,2270,2,Attchd,3,671,NA,NA,290000
255,6,1958,1240,SBrkr,1632,2,Attchd,1,338,MnPrv,NA,139000
256,5,1982,816,SBrkr,816,1,NA,1,264,NA,NA,124500
257,7,1925,952,SBrkr,1548,2,Detchd,2,672,NA,NA,205000
258,7,2003,1560,SBrkr,1560,2,Attchd,2,573,NA,NA,201000
259,4,1951,864,SBrkr,864,1,Detchd,2,400,NA,NA,141000
260,9,2006,2121,SBrkr,2121,2,Attchd,3,732,NA,NA,415298
261,7,1977,1160,SBrkr,2022,2,Attchd,2,505,NA,NA,192000
262,7,1989,807,SBrkr,1982,2,Attchd,2,575,NA,NA,228500
263,6,2006,1262,SBrkr,1262,2,Attchd,2,572,NA,NA,185000
264,7,2007,1314,SBrkr,1314,2,Attchd,2,626,NA,NA,207500
265,8,2008,1468,SBrkr,1468,2,Attchd,3,898,NA,NA,244600
266,6,1992,1575,SBrkr,1575,2,Attchd,2,529,NA,NA,179200
267,7,2006,625,SBrkr,1250,2,Detchd,2,528,NA,NA,164700
268,6,1962,912,SBrkr,1734,1,Attchd,2,440,GdPrv,NA,159000
269,4,1971,858,SBrkr,858,1,NA,0,0,NA,NA,88000
270,5,1967,882,SBrkr,900,1,Detchd,1,280,MnPrv,NA,122000
271,6,1915,698,FuseA,1396,1,Detchd,1,384,NA,NA,153575
272,8,2006,1079,SBrkr,1919,2,Attchd,2,685,NA,NA,233230
273,5,1912,780,SBrkr,1716,2,NA,0,0,NA,NA,135900
274,5,1949,768,SBrkr,1716,1,NA,1,281,NA,NA,131000
275,7,1977,795,SBrkr,2263,2,Attchd,2,539,NA,NA,235000
276,6,1953,1416,SBrkr,1644,1,Attchd,2,418,NA,NA,167000
277,6,1984,1003,SBrkr,1003,1,Detchd,2,588,GdPrv,NA,142500
278,5,1950,910,FuseA,1558,1,Attchd,1,282,MnPrv,NA,152000
279,7,1997,975,SBrkr,1950,2,Detchd,2,576,NA,NA,239000
280,6,1968,702,SBrkr,1743,1,Attchd,2,539,NA,NA,175000
281,6,1950,1092,SBrkr,1152,1,NA,1,300,GdPrv,NA,158500
282,5,1953,1165,SBrkr,1336,1,Attchd,1,375,NA,NA,157000
283,8,1998,1028,SBrkr,2452,2,BuiltIn,2,683,NA,NA,267000
284,7,2001,1541,SBrkr,1541,2,Attchd,3,843,NA,NA,205000
285,5,1972,894,SBrkr,894,1,Attchd,2,552,GdWo,NA,149900
286,7,1880,1470,SBrkr,3493,3,Attchd,3,870,NA,NA,295000
287,8,2004,2000,SBrkr,2000,2,Attchd,3,888,NA,NA,305900
288,7,1990,700,SBrkr,2243,2,Attchd,3,746,NA,NA,225000
289,6,1920,319,FuseA,1406,1,NA,0,0,MnPrv,NA,89500
290,4,1940,861,SBrkr,861,1,Detchd,2,539,NA,NA,82500
291,9,2003,1896,SBrkr,1944,2,Attchd,3,708,NA,NA,360000
292,6,1993,697,SBrkr,1501,2,Attchd,2,420,NA,NA,165600
293,6,1948,972,SBrkr,972,1,Detchd,1,240,NA,NA,132000
294,5,1939,793,SBrkr,1118,1,Detchd,2,410,MnPrv,NA,119900
295,7,1965,2136,SBrkr,2036,2,Attchd,2,513,NA,NA,375000
296,7,1925,728,SBrkr,1641,1,Detchd,2,546,NA,NA,178000
297,7,2004,716,SBrkr,1432,2,Attchd,2,432,NA,NA,188500
298,7,1980,845,SBrkr,2353,2,Attchd,2,484,GdPrv,NA,260000
299,8,2006,1088,SBrkr,1959,2,Attchd,3,1025,NA,NA,270000
300,7,1993,1347,SBrkr,2646,2,Attchd,3,656,NA,NA,260000
301,7,1980,1372,SBrkr,1472,2,Attchd,2,588,NA,NA,187500
302,9,2006,1249,SBrkr,2596,3,Attchd,3,840,NA,NA,342643
303,8,2004,1136,SBrkr,2468,2,BuiltIn,3,872,NA,NA,354000
304,7,1986,1502,SBrkr,2730,2,Attchd,2,576,MnPrv,NA,301000
305,3,1955,1162,SBrkr,1163,1,Attchd,1,220,NA,NA,126175
306,7,1967,710,SBrkr,2978,2,BuiltIn,2,564,NA,NA,242000
307,5,1941,720,FuseF,803,1,Detchd,2,360,NA,NA,87000
308,8,1993,1719,SBrkr,1719,1,Attchd,2,473,NA,NA,324000
309,6,1960,1383,SBrkr,1383,1,NA,1,292,NA,NA,145250
310,6,1916,844,FuseA,2134,2,Detchd,2,441,NA,NA,214500
311,5,1920,596,SBrkr,1192,1,Detchd,1,189,GdWo,NA,78000
312,5,1964,1728,SBrkr,1728,2,Detchd,1,352,NA,NA,119000
313,5,1958,1056,SBrkr,1056,1,Attchd,1,308,NA,NA,139000
314,8,2003,3206,SBrkr,1629,2,Attchd,3,880,NA,NA,284000
315,7,2004,1358,SBrkr,1358,2,Attchd,2,484,NA,NA,207000
316,6,1998,943,SBrkr,1638,2,Attchd,2,472,NA,NA,192000
317,5,1965,1499,SBrkr,1786,2,Attchd,2,529,NA,Shed,228950
318,9,2005,1922,SBrkr,1922,2,Attchd,3,676,NA,NA,377426
319,7,2002,1536,SBrkr,1536,2,Attchd,2,532,NA,NA,214000
320,7,1984,1208,SBrkr,1621,2,Attchd,2,440,NA,Shed,202500
321,6,1958,1215,FuseA,1215,1,NA,1,297,NA,NA,155000
322,8,2002,967,SBrkr,1908,2,Attchd,2,431,NA,NA,202900
323,4,1950,721,SBrkr,841,1,CarPort,1,294,NA,NA,82000
324,3,1949,0,FuseA,1040,2,Detchd,2,400,NA,NA,87500
325,9,2005,1684,SBrkr,1684,2,Attchd,2,564,NA,NA,266000
326,5,1976,536,SBrkr,1112,1,Attchd,1,336,NA,NA,85000
327,6,1939,972,SBrkr,1577,1,Detchd,1,312,NA,NA,140200
328,6,1960,958,SBrkr,958,1,Attchd,1,301,NA,Gar2,151500
329,6,1960,1478,FuseA,1478,2,Attchd,2,498,NA,NA,157500
330,7,2003,764,SBrkr,1626,2,BuiltIn,2,474,NA,NA,154000
331,9,2005,1848,SBrkr,2728,2,Attchd,3,706,NA,NA,437154
332,9,2007,1869,SBrkr,1869,2,Attchd,2,617,NA,NA,318061
333,7,1986,1453,SBrkr,1453,1,Attchd,2,445,NA,NA,190000
334,5,1941,616,SBrkr,1111,1,Detchd,1,200,NA,NA,95000
335,6,1928,624,SBrkr,720,1,Detchd,2,484,NA,NA,105900
336,6,1940,940,SBrkr,1595,1,NA,1,240,NA,NA,140000
337,6,1995,1200,SBrkr,1200,2,Attchd,2,521,NA,NA,177500
338,6,1992,1158,SBrkr,1167,2,Attchd,2,400,NA,NA,173000
339,5,1976,1142,SBrkr,1142,1,Attchd,2,528,MnPrv,NA,134000
340,5,1958,1062,FuseF,1352,1,BuiltIn,1,288,NA,NA,130000
341,8,1998,1086,SBrkr,1924,2,Attchd,2,592,NA,NA,280000
342,6,1978,888,SBrkr,912,1,Attchd,2,470,MnPrv,NA,156000
343,5,1940,883,SBrkr,1505,1,Detchd,1,240,NA,NA,145000
344,7,2003,0,SBrkr,1922,3,BuiltIn,2,672,NA,NA,198500
345,6,1972,483,SBrkr,987,1,Detchd,1,264,NA,NA,118000
346,6,1976,796,SBrkr,1574,2,Attchd,2,566,NA,NA,190000
347,5,1920,672,FuseA,1344,1,Detchd,1,468,NA,NA,147000
348,6,1963,1394,SBrkr,1394,1,Attchd,2,514,NA,NA,159000
349,6,1962,1099,SBrkr,1431,1,Basment,1,296,NA,NA,165000
350,5,1954,1268,SBrkr,1268,1,NA,1,244,NA,NA,132000
351,5,1959,1063,SBrkr,1287,1,Detchd,2,576,NA,NA,162000
352,6,2000,953,SBrkr,1664,2,Attchd,2,460,NA,NA,172400
353,4,1959,0,SBrkr,1588,2,Detchd,2,680,NA,NA,134432
354,6,1984,744,SBrkr,752,1,NA,1,264,MnPrv,NA,125000
355,5,1953,608,SBrkr,1319,1,Attchd,1,270,GdWo,NA,123000
356,7,2003,847,SBrkr,1928,2,BuiltIn,2,434,NA,NA,219500
357,1,1922,683,FuseA,904,0,NA,0,0,NA,NA,61000
358,5,1996,870,SBrkr,914,1,Detchd,2,576,NA,NA,148000
359,8,2004,1580,SBrkr,2466,3,Attchd,2,610,NA,NA,340000
360,9,2010,1856,SBrkr,1856,1,Attchd,3,834,NA,NA,394432
361,6,2000,982,SBrkr,1800,2,Attchd,2,463,NA,NA,179000
362,5,1924,1026,SBrkr,1691,2,Detchd,1,308,NA,NA,127000
363,7,2006,1293,SBrkr,1301,2,Attchd,2,572,NA,NA,187750
364,7,2006,939,SBrkr,1797,2,Attchd,2,639,NA,NA,213500
365,6,1992,1580,SBrkr,1953,2,Attchd,2,501,NA,NA,240000
366,8,2004,1256,SBrkr,1269,2,Attchd,2,430,NA,NA,192000
367,5,1910,658,SBrkr,1184,1,NA,0,0,NA,NA,81000
368,6,1976,1041,SBrkr,1125,1,Detchd,1,352,GdWo,NA,125000
369,7,1999,1468,SBrkr,1479,2,Attchd,2,577,NA,NA,191000
370,10,2007,1682,SBrkr,2332,2,BuiltIn,3,846,NA,NA,426000
371,5,1900,861,SBrkr,1367,1,Detchd,1,384,MnPrv,NA,119000
372,6,2001,804,SBrkr,1961,2,BuiltIn,2,560,NA,NA,215000
373,4,1941,788,FuseA,788,1,NA,0,0,GdWo,NA,100000
374,5,1940,735,FuseA,1034,1,Detchd,1,240,NA,NA,109000
375,5,1956,1144,SBrkr,1144,1,Attchd,1,596,NA,NA,129000
376,5,1972,894,SBrkr,894,1,Detchd,2,600,NA,NA,123000
377,5,1962,864,SBrkr,1812,2,NA,1,264,NA,NA,169500
378,5,1920,961,Mix,1077,1,Detchd,1,338,NA,NA,67000
379,7,2006,1092,SBrkr,1550,2,Attchd,2,438,NA,NA,241000
380,8,1996,1260,SBrkr,1288,1,Attchd,2,500,NA,NA,245500
381,7,2005,1310,SBrkr,1310,2,Attchd,2,400,NA,NA,164990
382,5,1940,672,SBrkr,672,1,Detchd,1,240,GdPrv,NA,108000
383,8,1998,1141,SBrkr,2263,2,BuiltIn,2,420,NA,NA,258000
384,6,1995,806,SBrkr,1572,2,BuiltIn,2,373,NA,NA,168000
385,4,1976,1281,SBrkr,1620,2,Attchd,2,490,GdWo,NA,150000
386,6,1936,1064,FuseA,1639,1,Detchd,1,240,NA,NA,115000
387,6,1915,840,SBrkr,1680,2,Attchd,1,308,NA,NA,177000
388,7,2006,1063,SBrkr,2172,2,Attchd,3,947,NA,NA,280000
389,8,2007,1034,SBrkr,2078,2,Attchd,3,836,NA,NA,339750
390,5,1958,1276,FuseA,1276,1,Attchd,1,350,NA,NA,60000
391,5,1955,1056,SBrkr,1056,1,Attchd,2,572,NA,NA,145000
392,7,2009,1470,SBrkr,1478,2,Attchd,2,484,NA,NA,222000
393,5,1927,1008,FuseA,1028,1,Detchd,2,360,NA,NA,115000
394,7,1993,1080,SBrkr,2097,2,Attchd,3,678,NA,NA,228000
395,7,2007,1340,SBrkr,1340,2,Attchd,2,396,NA,NA,181134
396,6,1978,672,SBrkr,1400,1,Attchd,2,440,NA,NA,149500
397,6,1918,1370,FuseA,2624,2,Detchd,3,864,NA,NA,239000
398,5,1940,756,FuseF,1134,1,Detchd,1,240,NA,NA,126000
399,5,1968,1056,SBrkr,1056,1,Attchd,1,304,NA,NA,142000
400,7,1997,1344,SBrkr,1344,2,Attchd,4,784,NA,NA,206300
401,6,1977,1602,SBrkr,1602,2,Attchd,2,529,NA,NA,215000
402,5,1954,988,FuseA,988,1,Attchd,2,520,NA,NA,113000
403,8,1998,1470,SBrkr,2630,2,Attchd,3,696,NA,NA,315000
404,6,1956,1196,FuseA,1196,1,NA,1,297,NA,NA,139000
405,7,1946,651,SBrkr,1389,1,Detchd,1,240,NA,NA,135000
406,7,1989,1518,SBrkr,1644,2,Attchd,2,569,NA,NA,275000
407,4,1957,907,SBrkr,907,1,Detchd,1,352,NA,NA,109008
408,7,2007,1208,SBrkr,1208,2,Attchd,2,628,NA,NA,195400
409,6,1988,1392,SBrkr,1412,2,Attchd,2,576,NA,NA,175000
410,6,1971,483,SBrkr,987,1,Detchd,1,264,NA,NA,85400
411,6,1920,901,SBrkr,1198,1,NA,0,0,MnPrv,NA,79900
412,5,1971,765,SBrkr,1365,1,Detchd,2,440,NA,NA,122500
413,6,1997,926,SBrkr,1604,2,Attchd,2,470,NA,NA,181000
414,4,1972,630,SBrkr,630,1,NA,0,0,NA,NA,81000
415,7,1996,799,SBrkr,1661,2,Attchd,2,550,NA,NA,212000
416,6,1920,648,FuseA,1118,1,Detchd,2,440,NA,NA,116000
417,6,1926,884,SBrkr,904,1,Detchd,1,180,NA,NA,119000
418,5,1913,440,SBrkr,694,1,Detchd,1,352,MnPrv,NA,90350
419,6,1920,684,SBrkr,1196,1,Detchd,2,528,GdPrv,Shed,110000
420,10,2008,3094,SBrkr,2402,2,Attchd,3,672,NA,NA,555000
421,4,1955,1440,FuseF,1440,2,NA,0,0,NA,NA,118000
422,5,1930,1078,SBrkr,1573,2,Detchd,2,360,NA,NA,162900
423,7,2006,1258,SBrkr,1258,2,Attchd,3,648,NA,NA,172500
424,7,1994,915,SBrkr,1908,2,Attchd,2,493,NA,NA,210000
425,6,1956,1436,SBrkr,1689,1,Attchd,2,480,MnPrv,NA,127500
426,6,1966,1517,SBrkr,1888,2,Attchd,2,578,NA,NA,190000
427,7,1998,930,SBrkr,1886,2,Attchd,2,431,NA,NA,199900
428,6,1937,780,SBrkr,1376,2,Detchd,1,198,NA,NA,119500
429,3,1948,649,SBrkr,1183,1,Detchd,1,308,NA,NA,120000
430,6,1930,813,FuseA,813,1,Detchd,1,270,NA,NA,110000
431,7,1975,1533,SBrkr,1533,2,Attchd,2,576,NA,NA,280000
432,6,1996,872,SBrkr,1756,2,Attchd,2,422,NA,NA,204000
433,8,2008,768,SBrkr,1590,2,Attchd,2,676,NA,NA,210000
434,5,1976,1728,SBrkr,1728,2,Detchd,2,560,NA,NA,188000
435,7,1973,1242,SBrkr,1242,1,Attchd,2,528,NA,NA,175500
436,5,1916,624,SBrkr,1344,1,Detchd,3,513,NA,NA,98000
437,4,1954,1364,SBrkr,1663,1,Attchd,2,529,NA,NA,256000
438,8,1925,588,SBrkr,1666,1,Detchd,1,228,MnPrv,NA,161000
439,5,1950,709,SBrkr,1203,1,Detchd,1,352,NA,NA,110000
440,8,2009,832,SBrkr,1935,2,BuiltIn,2,552,NA,NA,263435
441,7,1936,560,SBrkr,1135,1,Detchd,2,576,MnPrv,NA,155000
442,5,1965,864,SBrkr,864,1,Detchd,1,360,GdWo,NA,62383
443,6,1934,715,FuseA,1660,1,Detchd,1,240,NA,NA,188700
444,5,1978,1040,SBrkr,1040,2,NA,0,0,NA,NA,124000
445,7,2004,1375,SBrkr,1414,2,Attchd,2,398,NA,NA,178740
446,7,1970,1277,SBrkr,1277,1,Attchd,2,526,GdWo,NA,167000
447,5,1942,728,SBrkr,1644,1,Attchd,1,312,NA,NA,146500
448,8,2006,1626,SBrkr,1634,2,Attchd,3,866,NA,NA,250000
449,6,1993,832,SBrkr,1710,2,Attchd,2,506,NA,NA,187000
450,8,1985,1488,SBrkr,1502,1,Attchd,2,528,NA,NA,212000
451,7,1977,808,SBrkr,1969,2,Attchd,2,534,NA,NA,190000
452,6,2005,547,SBrkr,1072,1,Basment,2,525,NA,NA,148000
453,8,2006,1976,SBrkr,1976,2,Attchd,3,908,NA,NA,440000
454,8,2000,1494,SBrkr,1652,2,Attchd,2,499,NA,NA,251000
455,5,1963,970,SBrkr,970,1,Detchd,2,624,NA,NA,132500
456,6,1997,1478,SBrkr,1493,2,Attchd,2,508,NA,NA,208900
457,9,2006,2153,SBrkr,2643,2,BuiltIn,3,694,NA,NA,380000
458,8,2007,1705,SBrkr,1718,2,Attchd,3,826,NA,NA,297000
459,4,1937,907,SBrkr,1131,1,Detchd,2,672,MnPrv,NA,89471
460,9,2004,1833,SBrkr,1850,2,Attchd,3,772,NA,NA,326000
461,9,2003,1792,SBrkr,1792,2,Attchd,3,874,NA,NA,374000
462,7,1915,910,SBrkr,1826,1,Attchd,1,164,NA,NA,155000
463,6,1998,1216,SBrkr,1216,2,Attchd,2,402,NA,NA,164000
464,5,1962,999,SBrkr,999,1,Detchd,1,264,NA,NA,132500
465,5,1950,1113,SBrkr,1113,1,Attchd,1,264,NA,NA,147000
466,5,1965,1073,SBrkr,1073,1,Attchd,2,515,NA,NA,156000
467,5,1971,1484,SBrkr,1484,2,Attchd,2,487,NA,NA,175000
468,5,1900,954,FuseA,2414,2,Attchd,2,520,NA,NA,160000
469,4,1970,630,SBrkr,630,1,NA,1,286,NA,NA,86000
470,5,1976,264,SBrkr,1304,1,BuiltIn,1,336,NA,NA,115000
471,6,1941,806,FuseA,1578,1,Attchd,1,240,MnPrv,NA,133000
472,6,2006,728,SBrkr,1456,2,Attchd,2,429,NA,NA,172785
473,5,1960,1269,FuseA,1269,1,Detchd,1,308,NA,NA,155000
474,5,1938,190,FuseA,886,1,NA,1,273,NA,NA,91300
475,4,1920,720,FuseA,720,1,NA,0,0,GdWo,NA,34900
476,8,1992,3200,SBrkr,3228,3,Attchd,2,546,NA,NA,430000
477,7,1925,1026,SBrkr,1820,2,Detchd,1,240,GdPrv,NA,184000
478,5,1967,864,SBrkr,899,1,Attchd,1,288,MnPrv,NA,130000
479,5,1958,912,SBrkr,912,1,Attchd,1,297,MnWw,Shed,120000
480,6,1973,672,SBrkr,1218,1,Detchd,1,264,NA,NA,113000
481,7,2005,866,SBrkr,1768,2,Attchd,2,603,NA,NA,226700
482,5,1965,1214,SBrkr,1214,1,Detchd,2,461,GdPrv,Shed,140000
483,7,1959,1501,SBrkr,1801,2,Attchd,2,484,GdWo,NA,289000
484,6,1974,855,SBrkr,1322,2,Attchd,2,440,NA,NA,147000
485,5,1952,960,SBrkr,1960,2,Detchd,2,400,NA,NA,124500
486,8,1993,777,SBrkr,1911,2,Attchd,2,471,NA,NA,215000
487,6,2009,1218,SBrkr,1218,2,Attchd,2,676,NA,NA,208300
488,5,1959,1041,SBrkr,1041,1,NA,1,270,MnPrv,NA,124500
489,5,1951,1008,SBrkr,1363,1,CarPort,1,288,NA,Shed,164900
490,7,2005,1368,SBrkr,1368,2,Attchd,2,474,NA,NA,202665
491,5,1958,864,SBrkr,864,1,Detchd,2,624,NA,NA,129900
492,6,1983,1084,SBrkr,1080,1,Attchd,2,484,NA,NA,134000
493,5,1926,768,SBrkr,789,1,Detchd,1,200,MnPrv,NA,96500
494,10,2009,2006,SBrkr,2020,2,Attchd,3,900,NA,NA,402861
495,6,1972,689,SBrkr,2119,2,Attchd,2,583,GdPrv,NA,158000
496,7,1996,1264,SBrkr,2344,2,Attchd,3,889,NA,NA,265000
497,7,1926,1276,SBrkr,2080,1,Detchd,1,282,MnPrv,NA,234000
498,4,1900,0,FuseA,1294,2,NA,0,0,NA,NA,106250
499,6,1957,1244,FuseA,1244,1,Attchd,1,336,NA,NA,150000
500,6,1947,1004,SBrkr,1664,2,Detchd,2,420,NA,NA,159000
501,10,2007,3138,SBrkr,4676,3,BuiltIn,3,884,NA,NA,184750
502,7,1996,1379,SBrkr,2398,2,Attchd,3,834,NA,NA,315750
503,7,2005,1257,SBrkr,1266,2,Attchd,2,453,NA,NA,176000
504,5,1956,928,SBrkr,928,1,NA,1,252,NA,NA,132000
505,9,2008,1452,SBrkr,2713,2,Attchd,3,858,NA,NA,446261
506,4,1920,528,SBrkr,605,1,NA,0,0,NA,NA,86000
507,6,1957,2035,SBrkr,2515,3,Attchd,2,484,NA,NA,200624
508,6,1988,1461,SBrkr,1509,2,Attchd,2,600,NA,NA,175000
509,6,1920,611,SBrkr,1362,2,Detchd,2,502,NA,NA,128000
510,5,1955,0,SBrkr,827,1,Detchd,1,392,NA,NA,107500
511,1,1946,0,FuseF,334,1,NA,0,0,NA,NA,39300
512,8,2004,707,SBrkr,1414,2,Attchd,2,403,NA,NA,178000
513,5,1910,1117,SBrkr,1347,1,NA,0,0,NA,NA,107500
514,7,1998,880,SBrkr,1724,2,Attchd,2,527,NA,NA,188000
515,4,1972,864,SBrkr,864,1,Detchd,2,576,MnWw,NA,111250
516,5,1968,1051,SBrkr,1159,1,Attchd,1,336,NA,NA,158000
517,8,2001,1581,SBrkr,1601,2,Attchd,2,670,MnPrv,Shed,272000
518,9,2006,1838,SBrkr,1838,2,Attchd,3,765,NA,NA,315000
519,8,2000,969,SBrkr,2285,2,BuiltIn,3,648,NA,NA,248000
520,7,1998,1650,SBrkr,1680,2,Attchd,2,583,NA,NA,213250
521,7,1998,723,SBrkr,767,1,NA,1,367,NA,NA,133000
522,7,2006,654,SBrkr,1496,2,Attchd,2,426,NA,NA,179665
523,7,1988,1204,SBrkr,2183,2,Attchd,3,786,NA,NA,229000
524,6,1923,1065,FuseA,1635,1,Detchd,2,440,NA,NA,210000
525,5,1970,768,SBrkr,768,1,Detchd,2,624,NA,NA,129500
526,5,1955,825,SBrkr,825,1,Detchd,2,720,MnPrv,NA,125000
527,7,2003,912,SBrkr,2094,2,BuiltIn,2,615,NA,NA,263000
528,6,1977,1069,SBrkr,1069,2,Attchd,2,440,NA,NA,140000
529,5,1957,928,FuseA,928,1,Attchd,1,288,NA,NA,112500
530,8,2006,1709,SBrkr,1717,2,Attchd,3,908,NA,NA,255500
531,4,1949,0,SBrkr,1126,2,Detchd,2,520,MnPrv,NA,108000
532,7,2003,998,SBrkr,2046,2,BuiltIn,3,871,NA,NA,284000
533,5,1922,993,FuseA,1048,1,Detchd,1,280,NA,NA,113000
534,5,1957,1092,FuseA,1092,1,Attchd,1,299,MnWw,NA,141000
535,4,1920,637,SBrkr,1336,1,CarPort,1,570,NA,NA,108000
536,7,1996,729,SBrkr,1446,2,Attchd,2,406,NA,NA,175000
537,7,2003,1374,SBrkr,1557,2,Attchd,2,420,NA,NA,234000
538,5,1957,1392,SBrkr,1392,1,Detchd,2,528,NA,NA,121500
539,5,1974,1389,SBrkr,1389,1,Attchd,2,418,NA,NA,170000
540,5,1940,996,SBrkr,996,1,NA,0,0,NA,NA,108000
541,6,1918,1163,SBrkr,1674,2,Detchd,2,396,NA,NA,185000
542,7,1992,1095,SBrkr,2295,2,Attchd,2,590,NA,NA,268000
543,6,1915,806,FuseF,1647,1,Detchd,1,216,NA,NA,128000
544,9,2005,1122,SBrkr,2504,2,BuiltIn,3,656,NA,NA,325000
545,7,2004,1517,SBrkr,1535,2,Attchd,2,532,NA,NA,214000
546,8,1983,1496,SBrkr,2132,1,BuiltIn,2,612,NA,NA,316600
547,5,1979,943,SBrkr,943,1,Detchd,2,600,NA,NA,135960
548,5,1965,1728,SBrkr,1728,2,Detchd,2,576,NA,NA,142600
549,6,1959,864,SBrkr,864,1,NA,1,288,NA,NA,120000
550,7,2009,846,SBrkr,1692,2,Attchd,2,650,NA,NA,224500
551,7,2000,384,SBrkr,1430,2,BuiltIn,2,400,NA,NA,170000
552,5,1971,372,SBrkr,1109,1,BuiltIn,1,288,GdWo,NA,139000
553,5,1947,832,SBrkr,1216,1,Detchd,1,336,NA,NA,118500
554,7,1928,861,SBrkr,1477,2,Detchd,1,216,NA,NA,145000
555,5,1966,1164,SBrkr,1320,1,Attchd,2,564,NA,NA,164500
556,7,2007,689,SBrkr,1392,2,Detchd,2,540,NA,NA,146000
557,5,1954,1050,FuseF,1795,2,NA,1,352,NA,NA,131500
558,6,1960,1144,SBrkr,1429,1,Attchd,2,572,NA,NA,181900
559,8,2008,2042,SBrkr,2042,2,Attchd,3,1390,NA,NA,253293
560,6,1990,816,SBrkr,816,1,NA,0,0,NA,NA,118500
561,4,1935,884,SBrkr,1573,1,Detchd,1,240,NA,NA,133000
562,8,2005,1868,SBrkr,2028,2,Attchd,3,880,NA,NA,369900
563,6,1918,816,SBrkr,838,1,Detchd,1,275,MnWw,NA,130000
564,5,1982,840,SBrkr,860,1,Detchd,2,528,NA,NA,137000
565,5,1968,1437,SBrkr,1473,1,Attchd,1,452,NA,NA,143000
566,5,1930,742,FuseA,935,1,Detchd,1,308,NA,Shed,79500
567,7,2004,770,SBrkr,1582,2,Attchd,2,520,NA,NA,185900
568,10,2008,1722,SBrkr,2296,2,BuiltIn,3,842,NA,NA,451950
569,5,1982,816,SBrkr,816,1,Detchd,2,816,NA,NA,138000
570,6,2003,848,SBrkr,848,1,Attchd,2,420,NA,NA,140000
571,8,2005,1814,SBrkr,1826,2,Attchd,3,758,NA,NA,319000
572,6,1910,684,FuseA,1368,1,Detchd,1,216,NA,NA,114504
573,7,2006,1258,SBrkr,1402,0,Attchd,3,648,NA,NA,194201
574,5,1977,1430,SBrkr,1647,2,Attchd,2,621,NA,NA,217500
575,6,1980,716,SBrkr,1556,2,Attchd,2,452,GdPrv,NA,151000
576,8,2005,1058,SBrkr,1904,2,BuiltIn,2,736,NA,NA,275000
577,6,1937,780,SBrkr,1375,1,Detchd,1,544,NA,NA,141000
578,8,1992,908,SBrkr,1915,2,Attchd,2,506,NA,NA,220000
579,7,2004,600,SBrkr,1200,2,Detchd,2,480,NA,NA,151000
580,7,2002,1494,SBrkr,1494,2,Attchd,2,530,NA,NA,221000
581,7,1965,768,SBrkr,1986,2,Attchd,2,486,NA,NA,205000
582,5,1996,1040,SBrkr,1040,1,Detchd,2,576,GdPrv,NA,152000
583,5,1948,896,SBrkr,2008,3,NA,1,230,NA,NA,225000
584,8,1934,965,SBrkr,3194,2,Basment,2,380,NA,NA,359100
585,4,1961,1029,SBrkr,1029,1,Attchd,1,261,NA,NA,118500
586,9,2000,1440,SBrkr,2153,2,Attchd,3,736,NA,NA,313000
587,6,1978,1032,SBrkr,1032,2,Attchd,2,564,MnPrv,Shed,148000
588,8,2001,1299,SBrkr,1872,2,BuiltIn,2,531,NA,NA,261500
589,5,2007,1120,SBrkr,1120,1,NA,0,0,NA,NA,147000
590,4,1972,630,SBrkr,630,1,NA,0,0,NA,NA,75500
591,6,1963,936,SBrkr,1054,1,Attchd,2,480,MnPrv,NA,137500
592,6,2002,783,SBrkr,1509,2,Attchd,2,393,NA,NA,183200
593,6,1954,832,SBrkr,832,1,Detchd,2,528,NA,NA,105500
594,9,2007,1822,SBrkr,1828,2,Attchd,3,774,NA,NA,314813
595,8,2003,1482,SBrkr,2262,2,Attchd,3,749,NA,NA,305000
596,3,1914,864,FuseF,864,1,NA,0,0,NA,NA,67000
597,6,1974,1522,SBrkr,2614,2,Attchd,2,624,NA,NA,240000
598,5,1977,980,SBrkr,980,1,Detchd,2,484,NA,NA,135000
599,6,2000,756,SBrkr,1512,2,Detchd,2,440,NA,NA,168500
600,6,1972,732,SBrkr,1790,1,Attchd,2,484,NA,NA,165150
601,6,1962,1116,SBrkr,1116,1,Attchd,2,440,NA,NA,160000
602,5,1960,978,SBrkr,1422,1,NA,1,286,GdWo,Shed,139900
603,6,1955,1156,SBrkr,1520,1,Basment,1,364,NA,NA,153000
604,5,1969,1040,SBrkr,2080,1,Attchd,2,504,NA,NA,135000
605,6,1964,1248,SBrkr,1350,1,Attchd,2,520,GdPrv,NA,168500
606,5,1880,636,FuseA,1750,1,Detchd,1,240,MnPrv,NA,124000
607,8,2006,1554,SBrkr,1554,2,Attchd,2,627,NA,NA,209500
608,7,1977,1386,SBrkr,1411,2,Attchd,2,544,NA,NA,82500
609,5,1954,1056,SBrkr,1056,1,Attchd,1,260,NA,NA,139400
610,6,1980,1056,SBrkr,1056,0,Detchd,2,576,GdPrv,Shed,144000
611,6,1914,1440,FuseA,3395,2,NA,0,0,NA,NA,200000
612,2,1936,264,FuseA,800,1,NA,0,0,NA,NA,60000
613,5,1954,811,FuseA,1387,2,BuiltIn,1,256,NA,NA,93000
614,5,1910,796,FuseA,796,1,NA,0,0,MnPrv,NA,85000
615,8,2006,1520,SBrkr,1567,2,Attchd,3,648,NA,NA,264561
616,8,2003,1518,SBrkr,1518,1,Attchd,2,588,NA,NA,274000
617,7,2001,1057,SBrkr,1929,2,Attchd,2,650,NA,NA,226000
618,8,1972,1952,SBrkr,2704,2,Attchd,2,538,MnPrv,NA,345000
619,5,1969,780,SBrkr,1620,2,Attchd,2,462,GdWo,NA,152000
620,9,2009,1766,SBrkr,1766,2,Attchd,3,478,NA,NA,370878
621,6,1971,981,SBrkr,981,1,Detchd,2,576,NA,NA,143250
622,5,1950,0,SBrkr,1048,1,Detchd,2,420,NA,NA,98300
623,6,1953,1094,SBrkr,1094,1,Attchd,2,495,NA,NA,155000
624,6,1966,756,SBrkr,1839,1,Attchd,2,442,NA,NA,155000
625,4,1970,630,SBrkr,630,1,NA,0,0,MnPrv,NA,84500
626,7,2007,813,SBrkr,1665,2,Attchd,2,562,NA,NA,205950
627,4,1940,755,SBrkr,1510,1,Detchd,1,296,MnPrv,NA,108000
628,7,1996,880,SBrkr,1716,2,Attchd,2,512,NA,NA,191000
629,6,1906,756,SBrkr,1469,1,Detchd,1,216,MnPrv,NA,135000
630,8,1995,2109,SBrkr,2113,2,Attchd,3,839,NA,NA,350000
631,6,1971,525,SBrkr,1092,1,Detchd,1,264,NA,NA,88000
632,5,1959,1053,SBrkr,1053,1,Attchd,1,312,MnPrv,NA,145500
633,7,1931,776,SBrkr,1502,1,NA,1,270,MnPrv,NA,149000
634,6,1948,912,SBrkr,1458,1,Attchd,1,330,NA,NA,97500
635,7,1976,793,SBrkr,1935,2,Attchd,2,550,NA,NA,197900
636,8,1994,1629,SBrkr,2448,2,Attchd,3,711,NA,NA,402000
637,6,1968,1392,SBrkr,1392,1,Attchd,2,576,NA,NA,110000
638,4,1972,1138,SBrkr,1181,2,Detchd,2,588,MnPrv,NA,137500
639,8,2005,2077,SBrkr,2097,1,Attchd,3,1134,NA,NA,423000
640,8,2000,1406,SBrkr,1936,2,Attchd,2,504,NA,NA,230500
641,6,1965,1021,SBrkr,2380,2,CarPort,2,596,NA,NA,129000
642,6,1994,1408,SBrkr,1679,2,Attchd,2,575,NA,NA,193500
643,5,1956,1188,SBrkr,1437,1,Detchd,2,576,NA,NA,168000
644,4,1922,700,SBrkr,1180,1,Detchd,1,252,NA,NA,137500
645,6,2005,738,SBrkr,1476,2,Attchd,2,540,NA,NA,173500
646,6,1925,672,SBrkr,1369,2,Detchd,1,300,NA,NA,103600
647,6,1977,1208,SBrkr,1208,1,Attchd,2,546,NA,NA,165000
648,6,1957,1477,SBrkr,1839,2,Attchd,2,416,NA,NA,257500
649,6,1965,1136,SBrkr,1136,1,Attchd,1,384,NA,NA,140000
650,6,1978,855,SBrkr,1441,2,Attchd,2,440,NA,NA,148500
651,4,1900,1095,SBrkr,1774,2,2Types,3,779,NA,NA,87000
652,5,1924,768,SBrkr,792,1,Detchd,1,240,NA,NA,109500
653,8,2008,2046,SBrkr,2046,2,Attchd,3,834,NA,NA,372500
654,5,1961,988,SBrkr,988,1,Detchd,2,572,NA,NA,128500
655,6,1980,923,SBrkr,923,2,NA,1,264,NA,NA,143000
656,5,1932,793,SBrkr,1520,1,Detchd,1,281,NA,NA,159434
657,6,1996,1291,SBrkr,1291,1,Attchd,2,431,NA,NA,173000
658,9,2002,1626,SBrkr,1668,2,Attchd,3,702,NA,NA,285000
659,7,1998,1195,SBrkr,1839,2,Attchd,2,486,NA,NA,221000
660,7,1984,1190,SBrkr,2090,2,Attchd,2,577,NA,NA,207500
661,7,2007,874,SBrkr,1761,3,Attchd,2,578,NA,NA,227875
662,7,2004,551,SBrkr,1102,2,Detchd,2,480,NA,NA,148800
663,8,2007,1419,SBrkr,1419,2,Attchd,2,567,NA,NA,392000
664,6,2005,1362,SBrkr,1362,2,Attchd,2,460,NA,NA,194700
665,6,2004,848,SBrkr,848,1,Attchd,2,420,NA,NA,141000
666,10,1994,2444,SBrkr,4316,3,Attchd,3,832,NA,NA,755000
667,7,1989,1210,SBrkr,2519,2,Attchd,2,628,NA,NA,335000
668,5,1921,1073,SBrkr,1073,1,Detchd,1,326,NA,NA,108480
669,5,1936,927,SBrkr,1539,1,Detchd,2,576,MnPrv,NA,141500
670,6,1987,1112,SBrkr,1137,2,Attchd,2,551,NA,NA,176000
671,5,1921,616,SBrkr,616,1,Detchd,1,205,NA,NA,89000
672,5,1952,980,FuseA,1148,1,Detchd,1,308,NA,NA,123500
673,5,1965,894,SBrkr,894,1,Detchd,1,336,MnPrv,NA,138500
674,7,2004,1391,SBrkr,1391,2,Attchd,2,530,NA,NA,196000
675,8,2002,1800,SBrkr,1800,2,Attchd,3,765,NA,NA,312500
676,7,1969,1164,SBrkr,1164,1,Attchd,2,528,NA,NA,140000
677,8,2006,1234,SBrkr,2576,2,BuiltIn,3,666,NA,NA,361919
678,5,1900,360,SBrkr,1812,2,Detchd,2,672,MnPrv,NA,140000
679,7,2004,1473,SBrkr,1484,2,Attchd,2,606,NA,NA,213000
680,4,1930,0,SBrkr,1092,2,NA,0,0,NA,Othr,55000
681,7,1971,1643,SBrkr,1824,2,Attchd,2,739,NA,NA,302000
682,8,2006,1324,SBrkr,1324,2,Attchd,2,550,NA,NA,254000
683,7,2007,728,SBrkr,1456,2,Attchd,2,400,NA,NA,179540
684,5,1966,876,SBrkr,904,1,Detchd,1,408,MnPrv,NA,109900
685,3,1935,270,SBrkr,729,1,NA,0,0,NA,NA,52000
686,4,1900,859,SBrkr,1178,1,Detchd,1,384,NA,NA,102776
687,8,1988,1228,SBrkr,1228,2,Attchd,2,472,NA,NA,189000
688,4,1970,960,SBrkr,960,1,Detchd,2,576,NA,NA,129000
689,6,1976,725,SBrkr,1479,2,Attchd,2,475,NA,NA,130500
690,6,1974,1064,SBrkr,1350,2,Attchd,2,478,MnPrv,NA,165000
691,7,1890,718,SBrkr,2554,1,Detchd,2,704,NA,NA,159500
692,5,1973,1176,SBrkr,1178,1,Attchd,2,439,MnPrv,NA,157000
693,7,1993,1311,SBrkr,2418,2,Attchd,3,983,NA,NA,341000
694,5,1969,971,SBrkr,971,1,Attchd,1,300,NA,NA,128500
695,8,1985,1742,SBrkr,1742,2,Attchd,2,564,NA,NA,275000
696,6,2004,848,SBrkr,848,1,Attchd,2,420,NA,NA,143000
697,4,1970,864,SBrkr,864,1,Detchd,2,463,NA,NA,124500
698,4,1954,941,SBrkr,1470,2,Detchd,1,548,NA,NA,135000
699,9,2007,1698,SBrkr,1698,2,Attchd,3,768,NA,NA,320000
700,4,1970,864,SBrkr,864,1,Detchd,2,660,NA,Shed,120500
701,6,1988,880,SBrkr,1680,2,Attchd,2,540,NA,NA,222000
702,7,2007,1232,SBrkr,1232,2,Attchd,2,632,NA,NA,194500
703,5,1958,1584,SBrkr,1776,2,Detchd,3,888,NA,NA,110000
704,8,1995,1595,SBrkr,1616,2,Attchd,2,608,NA,NA,236500
705,7,2003,868,SBrkr,1146,2,Attchd,2,438,NA,NA,187500
706,7,1998,1153,SBrkr,2031,2,Attchd,2,541,NA,NA,222500
707,5,1961,864,SBrkr,1144,1,Attchd,1,264,GdWo,Shed,131400
708,5,1968,948,SBrkr,948,1,Detchd,1,300,NA,NA,108000
709,7,1914,880,SBrkr,1768,1,Detchd,2,320,NA,NA,163000
710,3,1950,0,FuseF,1040,2,Detchd,2,400,NA,NA,93500
711,8,2005,893,SBrkr,1801,2,Attchd,3,800,NA,NA,239900
712,5,1987,1200,SBrkr,1200,3,NA,0,0,NA,NA,179000
713,7,2004,864,SBrkr,1728,2,Attchd,2,572,NA,NA,190000
714,5,1910,264,SBrkr,1432,2,Detchd,2,360,GdPrv,NA,132000
715,6,1961,912,SBrkr,912,1,Detchd,1,288,GdPrv,NA,142000
716,7,2000,1349,SBrkr,1349,2,Attchd,2,539,GdPrv,NA,179000
717,5,1963,520,SBrkr,1464,2,Attchd,2,480,NA,NA,175000
718,8,1993,1337,SBrkr,1337,2,Attchd,2,462,NA,NA,180000
719,8,1976,1142,SBrkr,2715,3,BuiltIn,2,831,NA,NA,299800
720,7,2000,952,SBrkr,2256,2,BuiltIn,2,554,NA,NA,236000
721,7,1880,1240,SBrkr,2640,1,Detchd,4,864,NA,NA,265979
722,7,1996,1720,SBrkr,1720,2,Attchd,2,527,NA,NA,260400
723,4,1945,0,FuseF,1529,2,Detchd,1,240,NA,NA,98000
724,4,1910,576,SBrkr,1140,1,NA,0,0,NA,NA,96500
725,7,2003,660,SBrkr,1320,2,Attchd,2,400,NA,NA,162000
726,6,1997,1479,SBrkr,1494,2,Attchd,2,576,NA,NA,217000
727,8,2005,1030,SBrkr,2098,2,Attchd,3,878,NA,NA,275500
728,6,1969,1026,SBrkr,1026,1,Detchd,2,440,NA,NA,156000
729,6,1999,729,SBrkr,1471,2,Detchd,2,440,NA,NA,172500
730,8,2007,866,SBrkr,1768,2,Attchd,2,578,NA,NA,212000
731,6,1978,672,SBrkr,1386,2,Attchd,2,440,GdPrv,NA,158900
732,7,1999,744,SBrkr,1501,2,Detchd,2,440,NA,NA,179400
733,8,1995,1318,SBrkr,2531,2,Attchd,3,752,NA,NA,290000
734,6,1959,864,SBrkr,864,1,Detchd,1,300,NA,Shed,127500
735,5,1924,1145,SBrkr,1301,1,Detchd,2,440,NA,NA,100000
736,7,2009,756,SBrkr,1547,2,Attchd,2,614,NA,NA,215200
737,8,1999,1252,SBrkr,2365,2,Attchd,3,856,NA,NA,337000
738,8,1995,1494,SBrkr,1494,1,Attchd,2,481,NA,NA,270000
739,9,2008,1498,SBrkr,1506,2,Attchd,2,592,NA,NA,264132
740,7,1988,980,SBrkr,1714,2,Attchd,2,496,MnPrv,Shed,196500
741,6,1940,983,SBrkr,1750,2,Attchd,1,423,NA,Shed,160000
742,7,2004,1860,SBrkr,1836,2,Attchd,2,484,NA,NA,216837
743,8,2003,1650,SBrkr,3279,3,BuiltIn,3,841,NA,NA,538000
744,5,1982,858,SBrkr,858,1,Detchd,2,576,NA,NA,134900
745,4,1951,836,FuseF,1220,1,Detchd,2,396,NA,NA,102000
746,6,1976,1029,SBrkr,1117,1,Detchd,2,672,MnPrv,NA,107000
747,5,1958,912,FuseA,912,1,NA,1,275,NA,NA,114500
748,8,2006,1935,SBrkr,1973,2,Attchd,3,895,NA,NA,395000
749,6,1998,1204,SBrkr,1204,2,Attchd,2,412,NA,NA,162000
750,7,2005,1614,SBrkr,1614,2,Attchd,3,865,NA,NA,221500
751,5,1974,864,SBrkr,894,1,Attchd,2,440,MnPrv,NA,142500
752,6,1977,975,SBrkr,1004,1,Attchd,2,504,NA,NA,135000
753,7,1995,1237,SBrkr,1253,2,Attchd,2,402,NA,NA,176000
754,6,1992,761,SBrkr,1603,2,Attchd,2,484,NA,NA,175900
755,7,2001,1413,SBrkr,1430,2,Attchd,2,605,NA,NA,187100
756,5,1978,1097,SBrkr,1110,1,Attchd,2,602,NA,NA,165500
757,6,1914,742,SBrkr,1484,2,NA,0,0,NA,NA,128000
758,6,1967,1372,SBrkr,1342,2,Attchd,2,457,NA,NA,161500
759,5,1915,686,SBrkr,1652,2,Detchd,1,416,NA,Shed,139000
760,7,2004,956,SBrkr,2084,2,BuiltIn,2,618,NA,NA,233000
761,4,1954,901,SBrkr,901,1,Detchd,1,281,NA,NA,107900
762,6,1966,832,SBrkr,2087,2,Attchd,2,444,NA,NA,187500
763,7,2005,1145,SBrkr,1145,2,Attchd,2,397,NA,NA,160200
764,6,1976,1029,SBrkr,1062,1,Attchd,2,539,NA,NA,146800
765,7,1996,1117,SBrkr,2013,2,Attchd,2,455,NA,NA,269790
766,8,2007,1496,SBrkr,1496,2,Attchd,2,474,NA,NA,225000
767,7,1994,712,SBrkr,1895,2,Attchd,2,409,NA,Shed,194500
768,6,1980,650,SBrkr,1564,2,Attchd,2,476,MnPrv,NA,171000
769,6,1977,660,SBrkr,1285,1,Attchd,2,528,MnPrv,NA,143500
770,5,1953,773,SBrkr,773,1,Attchd,1,240,NA,NA,110000
771,9,2008,1926,SBrkr,3140,3,BuiltIn,3,820,NA,NA,485000
772,5,1937,731,SBrkr,1768,1,Detchd,1,240,MnPrv,NA,175000
773,6,1997,616,SBrkr,1688,2,Attchd,2,603,NA,Shed,200000
774,4,1916,1196,FuseA,1196,1,Detchd,2,440,NA,NA,109900
775,7,2005,728,SBrkr,1456,2,Attchd,2,410,NA,NA,189000
776,9,2008,1734,SBrkr,2822,3,BuiltIn,3,1020,NA,NA,582933
777,5,1954,936,SBrkr,1128,1,Attchd,1,286,GdWo,NA,118000
778,7,2008,1417,SBrkr,1428,2,Attchd,2,554,NA,NA,227680
779,5,1967,980,SBrkr,980,2,Attchd,1,384,NA,NA,135500
780,5,1923,1324,SBrkr,1576,1,Attchd,2,528,NA,NA,223500
781,5,1966,1024,SBrkr,1086,1,Attchd,2,484,GdWo,NA,159950
782,5,1898,849,FuseA,2138,2,Detchd,2,360,MnPrv,NA,106000
783,6,1974,1040,SBrkr,1309,1,Attchd,2,484,GdPrv,NA,181000
784,6,2004,848,SBrkr,848,1,Attchd,2,420,NA,NA,144500
785,5,1952,540,FuseA,1044,1,Basment,2,504,NA,Shed,55993
786,6,1958,1442,SBrkr,1442,1,NA,1,301,NA,Shed,157900
787,5,1918,686,SBrkr,1250,1,Detchd,1,280,NA,NA,116000
788,7,1998,1649,SBrkr,1661,2,Attchd,2,598,NA,NA,224900
789,5,1954,1008,SBrkr,1008,1,Attchd,1,275,NA,NA,137000
790,8,2002,1568,SBrkr,1689,2,Attchd,3,857,NA,NA,271000
791,6,1971,1010,SBrkr,1052,1,Attchd,2,440,MnPrv,NA,155000
792,7,2009,1358,SBrkr,1358,2,Attchd,2,484,NA,NA,224000
793,7,2003,798,SBrkr,1640,2,Attchd,2,595,NA,NA,183000
794,4,1953,936,SBrkr,936,1,Detchd,2,576,NA,NA,93000
795,7,2003,847,SBrkr,1733,2,BuiltIn,2,433,NA,NA,225000
796,6,1940,778,SBrkr,1489,2,Detchd,1,240,GdWo,NA,139500
797,8,2006,1489,SBrkr,1489,2,Attchd,2,776,NA,NA,232600
798,10,2007,2078,SBrkr,2084,2,Attchd,3,1220,NA,NA,385000
799,5,1924,784,SBrkr,784,1,NA,0,0,NA,NA,109500
800,7,2001,1454,SBrkr,1434,2,Attchd,2,527,NA,NA,189000
801,5,1967,1013,SBrkr,2126,2,Attchd,2,538,NA,NA,185000
802,7,2005,600,SBrkr,1223,2,Detchd,2,480,NA,NA,147400
803,6,1957,1392,FuseA,1392,1,Attchd,2,458,NA,NA,166000
804,7,2003,941,SBrkr,1829,2,Attchd,2,613,NA,NA,237000
805,6,1964,1516,SBrkr,1516,1,Attchd,2,472,NA,NA,167000
806,5,1961,1144,SBrkr,1144,1,Attchd,2,456,GdWo,NA,139950
807,4,1950,1067,SBrkr,1067,2,Attchd,2,436,NA,NA,128000
808,5,1948,1559,SBrkr,1559,1,Detchd,2,812,GdWo,NA,153500
809,6,1973,483,SBrkr,987,1,Detchd,1,264,NA,NA,100000
810,5,1995,1099,SBrkr,1099,1,Attchd,1,352,NA,NA,144000
811,5,1946,768,SBrkr,1200,1,Detchd,1,240,NA,NA,130500
812,6,1925,672,SBrkr,1482,2,Detchd,1,400,NA,NA,140000
813,5,1904,650,SBrkr,1539,2,Detchd,2,686,NA,NA,157500
814,6,1966,1127,SBrkr,1165,1,Attchd,2,490,GdPrv,NA,174900
815,5,1961,1800,SBrkr,1800,2,NA,0,0,NA,NA,141000
816,5,1915,876,SBrkr,1416,1,Detchd,3,720,NA,NA,153900
817,5,1975,1390,SBrkr,1701,2,Basment,2,611,NA,NA,171000
818,7,1993,740,SBrkr,1775,2,Attchd,2,425,NA,NA,213000
819,5,1972,864,SBrkr,864,1,Attchd,1,338,NA,NA,133500
820,6,1908,907,SBrkr,2358,3,Detchd,2,360,NA,NA,240000
821,6,1976,528,SBrkr,1855,2,Attchd,2,512,NA,NA,187000
822,6,2003,848,SBrkr,848,1,Attchd,2,420,NA,NA,131500
823,8,2003,1273,SBrkr,1456,2,Attchd,2,400,NA,NA,215000
824,7,1941,918,SBrkr,1646,2,Detchd,1,240,MnPrv,NA,164000
825,6,1964,1127,SBrkr,1445,1,Attchd,2,645,MnPrv,NA,158000
826,5,1955,1763,SBrkr,1779,1,Attchd,2,454,NA,NA,170000
827,5,1962,1040,SBrkr,1040,1,Detchd,1,260,NA,NA,127000
828,6,1994,702,SBrkr,1481,2,Attchd,2,343,NA,NA,174000
829,7,1976,1090,SBrkr,1370,2,Attchd,2,479,MnPrv,NA,152000
830,6,1968,1054,SBrkr,2654,2,Attchd,2,619,NA,NA,250000
831,7,1918,912,SBrkr,1426,1,Detchd,1,216,GdPrv,NA,189950
832,5,1965,1039,SBrkr,1039,1,Attchd,2,504,NA,NA,131500
833,6,1984,1040,SBrkr,1097,2,Attchd,2,480,GdPrv,NA,152000
834,5,1959,1148,SBrkr,1148,1,NA,1,672,GdPrv,NA,132500
835,7,2007,1372,SBrkr,1372,2,Attchd,2,529,NA,NA,250580
836,5,1970,1002,SBrkr,1002,1,Detchd,2,902,MnPrv,NA,148500
837,8,2006,1638,SBrkr,1646,2,Attchd,3,870,NA,NA,248900
838,4,1961,1040,SBrkr,1120,1,Attchd,2,544,NA,Shed,129000
839,5,1948,0,SBrkr,2320,2,Attchd,2,672,NA,NA,169000
840,7,1993,1050,SBrkr,1949,2,Attchd,2,574,GdPrv,NA,236000
841,5,1962,894,SBrkr,894,1,Detchd,1,308,NA,NA,109500
842,6,1998,804,SBrkr,1682,2,Attchd,2,523,NA,NA,200500
843,5,1953,105,SBrkr,910,1,Attchd,2,414,GdWo,NA,116000
844,5,1949,832,SBrkr,1268,1,Attchd,1,288,NA,Othr,133000
845,5,1941,676,SBrkr,1131,1,Detchd,1,200,NA,NA,66500
846,8,2007,1184,SBrkr,2610,2,BuiltIn,2,550,NA,NA,303477
847,4,1963,1064,SBrkr,1040,1,Attchd,2,648,NA,NA,132250
848,9,2004,1462,SBrkr,2224,2,Attchd,3,738,NA,NA,350000
849,5,1961,1109,SBrkr,1155,1,Detchd,2,576,MnPrv,Shed,148000
850,5,1978,864,SBrkr,864,1,Attchd,1,336,GdWo,NA,136500
851,5,2005,1090,SBrkr,1090,1,Attchd,2,450,NA,NA,157000
852,7,1990,1156,SBrkr,1717,2,Attchd,2,400,NA,NA,187500
853,6,1992,808,SBrkr,1593,2,BuiltIn,2,389,MnPrv,NA,178000
854,4,1912,795,SBrkr,2230,1,Detchd,1,440,NA,NA,118500
855,5,1967,892,SBrkr,892,1,NA,1,288,GdWo,NA,100000
856,9,1999,1698,SBrkr,1709,2,Attchd,2,506,NA,NA,328900
857,5,1959,1626,SBrkr,1712,2,Attchd,2,588,NA,NA,145000
858,5,1955,816,SBrkr,1393,1,Attchd,1,300,NA,NA,135500
859,8,1970,2217,SBrkr,2217,2,Attchd,2,621,NA,NA,268000
860,6,1953,1505,SBrkr,1505,1,Attchd,2,505,NA,NA,149500
861,5,1949,672,SBrkr,924,1,Detchd,2,576,MnPrv,Shed,122900
862,6,1978,918,SBrkr,1683,2,Attchd,2,440,NA,NA,172500
863,6,1963,1059,SBrkr,1068,1,Attchd,1,264,MnPrv,NA,154500
864,5,1954,1383,SBrkr,1383,1,NA,1,354,GdPrv,NA,165000
865,5,1979,0,SBrkr,1535,2,Attchd,2,400,NA,NA,118858
866,6,1963,780,SBrkr,1796,1,Attchd,2,483,NA,NA,140000
867,4,1936,951,SBrkr,951,1,Detchd,1,327,NA,NA,106500
868,5,1979,0,SBrkr,2240,2,Detchd,2,528,NA,NA,142953
869,9,2009,2330,SBrkr,2364,2,Attchd,3,820,NA,NA,611657
870,5,1961,912,SBrkr,1236,1,Attchd,1,288,NA,NA,135000
871,4,1971,858,SBrkr,858,1,Detchd,1,684,NA,NA,110000
872,5,1957,992,SBrkr,1306,1,Detchd,1,756,NA,NA,153000
873,7,2003,783,SBrkr,1509,2,Attchd,2,393,NA,NA,180000
874,7,2006,1670,SBrkr,1670,2,Attchd,3,690,NA,NA,240000
875,5,1967,876,SBrkr,902,1,Attchd,1,288,MnPrv,NA,125500
876,5,1954,1056,SBrkr,1063,1,Attchd,1,280,MnPrv,NA,128000
877,8,2006,1623,SBrkr,1636,2,Attchd,3,865,NA,NA,255000
878,7,1936,1017,SBrkr,2057,1,NA,1,180,NA,NA,250000
879,5,1983,864,SBrkr,902,1,Attchd,2,484,MnPrv,NA,131000
880,6,2005,742,SBrkr,1484,2,Attchd,2,390,NA,NA,174000
881,5,1960,1105,FuseA,2274,2,Detchd,2,480,NA,NA,154300
882,5,1977,1268,SBrkr,1268,1,Detchd,1,252,NA,NA,143500
883,5,1925,768,SBrkr,1015,1,Detchd,1,450,MnPrv,Shed,88000
884,5,1949,1001,FuseA,2002,2,2Types,3,871,NA,NA,145000
885,6,2009,612,SBrkr,1224,2,Detchd,2,528,NA,NA,173733
886,4,1970,546,SBrkr,1092,1,Attchd,1,286,NA,NA,75000
887,2,1949,480,FuseA,480,0,Detchd,1,308,NA,NA,35311
888,4,1956,1134,FuseA,1229,1,Attchd,1,284,NA,NA,135000
889,7,1991,1104,SBrkr,2127,2,Attchd,3,833,GdPrv,NA,238000
890,6,1958,1184,SBrkr,1414,1,Attchd,2,601,NA,NA,176500
891,6,1994,928,SBrkr,1721,2,Attchd,2,471,NA,NA,201000
892,5,1900,1272,SBrkr,2200,2,NA,0,0,GdPrv,NA,145900
893,6,2005,1316,SBrkr,1316,2,Attchd,2,397,NA,NA,169990
894,6,1993,1604,SBrkr,1617,2,Attchd,2,533,NA,NA,193000
895,6,1980,1686,SBrkr,1686,2,Attchd,2,612,NA,NA,207500
896,5,1977,1126,SBrkr,1126,2,Attchd,2,540,NA,NA,175000
897,8,2003,1181,SBrkr,2374,2,BuiltIn,3,656,NA,NA,285000
898,7,1968,832,SBrkr,1978,2,Attchd,2,486,GdPrv,NA,176000
899,8,2001,1753,SBrkr,1788,2,Attchd,2,522,NA,NA,236500
900,7,1997,964,SBrkr,2236,2,BuiltIn,2,642,NA,NA,222000
901,8,2007,1466,SBrkr,1466,2,Attchd,3,610,NA,NA,201000
902,5,1965,925,SBrkr,925,1,Detchd,1,429,GdWo,NA,117500
903,9,2006,1905,SBrkr,1905,2,Attchd,3,788,NA,NA,320000
904,7,2004,1500,SBrkr,1500,2,Attchd,2,570,NA,NA,190000
905,7,1960,585,SBrkr,2069,2,Attchd,2,505,NA,NA,242000
906,7,2003,1176,SBrkr,1200,2,Attchd,2,555,NA,NA,184900
907,7,2005,1113,SBrkr,1971,2,Attchd,2,689,NA,NA,253000
908,7,2006,1391,SBrkr,1962,2,Attchd,3,868,NA,NA,239799
909,7,1940,1032,SBrkr,2403,2,Attchd,1,349,NA,NA,244400
910,6,1976,1728,SBrkr,1728,2,Attchd,2,574,NA,NA,150900
911,7,1999,992,SBrkr,2060,2,BuiltIn,2,390,GdPrv,NA,214000
912,4,1977,1440,SBrkr,1440,2,NA,0,0,NA,NA,150000
913,5,1967,1632,SBrkr,1632,2,Attchd,2,576,NA,NA,143000
914,6,1958,819,FuseA,1344,1,Basment,2,525,NA,NA,137500
915,5,1890,1088,SBrkr,1869,1,Detchd,2,456,MnWw,NA,124900
916,5,1959,1144,SBrkr,1144,1,Attchd,1,796,NA,NA,143000
917,8,2002,1616,SBrkr,1629,2,Attchd,3,808,NA,NA,270000
918,7,2002,936,SBrkr,1776,2,Attchd,2,474,NA,NA,192500
919,6,1972,1161,SBrkr,1381,1,Attchd,2,676,NA,NA,197500
920,5,1950,864,SBrkr,864,1,Detchd,2,720,NA,NA,129000
921,5,1965,828,SBrkr,965,1,Detchd,1,300,MnPrv,NA,119900
922,5,1972,768,SBrkr,768,1,Detchd,1,396,MnPrv,NA,133900
923,5,1969,784,SBrkr,1968,2,Attchd,2,530,MnPrv,Shed,172000
924,6,1975,945,SBrkr,980,2,NA,0,0,NA,NA,127500
925,6,1946,979,FuseF,1958,2,Attchd,2,492,NA,NA,145000
926,6,1980,561,SBrkr,1229,1,Attchd,2,462,GdPrv,NA,124000
927,5,1962,1057,SBrkr,1057,1,Detchd,2,576,NA,NA,132000
928,7,2003,1337,SBrkr,1337,2,Attchd,2,531,NA,NA,185000
929,7,1999,696,SBrkr,1416,2,Detchd,2,484,NA,NA,155000
930,5,1958,858,SBrkr,858,1,NA,0,0,NA,NA,116500
931,6,1977,1330,SBrkr,2872,2,Attchd,2,619,NA,NA,272000
932,9,2007,1800,SBrkr,1800,2,Attchd,2,702,NA,NA,239000
933,7,2002,817,SBrkr,1894,2,BuiltIn,2,510,NA,NA,214900
934,6,2005,783,SBrkr,1484,2,Attchd,2,393,NA,NA,178900
935,5,1940,728,SBrkr,1308,1,Detchd,1,256,NA,NA,160000
936,5,1955,1098,SBrkr,1098,1,NA,1,260,NA,NA,135000
937,3,1910,600,SBrkr,968,1,NA,0,0,GdWo,NA,37900
938,6,1958,588,SBrkr,1095,1,Attchd,1,264,NA,NA,140000
939,4,1949,720,FuseA,1192,1,NA,0,0,NA,NA,135000
940,7,2003,764,SBrkr,1626,2,BuiltIn,2,474,NA,NA,173000
941,6,1979,918,SBrkr,918,2,Attchd,1,264,NA,NA,99500
942,7,2007,1428,SBrkr,1428,2,Attchd,2,480,NA,NA,182000
943,7,1910,728,SBrkr,2019,1,Detchd,2,532,GdPrv,NA,167500
944,7,2000,673,SBrkr,1382,2,Detchd,2,490,NA,NA,165000
945,4,1923,440,FuseA,869,1,NA,0,0,NA,NA,85500
946,7,2006,1241,SBrkr,1241,1,Attchd,2,569,NA,NA,199900
947,4,1954,894,SBrkr,894,1,Detchd,2,400,NA,NA,110000
948,5,1963,1121,SBrkr,1121,1,Detchd,2,480,MnPrv,NA,139000
949,7,1961,944,SBrkr,999,1,Attchd,2,588,NA,NA,178400
950,8,1998,1225,SBrkr,2612,2,Attchd,3,676,NA,NA,336000
951,7,2007,1266,SBrkr,1266,2,Attchd,2,388,NA,NA,159895
952,8,2002,1128,SBrkr,2290,2,Attchd,2,779,NA,NA,255900
953,5,1977,0,SBrkr,1734,2,Attchd,2,539,NA,NA,126000
954,5,1950,1164,SBrkr,1164,1,Detchd,1,240,NA,NA,125000
955,6,1910,485,SBrkr,1635,1,Attchd,1,255,NA,NA,117000
956,9,2009,1930,SBrkr,1940,2,Attchd,3,606,NA,NA,395192
957,6,1976,848,SBrkr,2030,2,Attchd,2,551,NA,NA,195000
958,7,2006,770,SBrkr,1576,2,Attchd,2,614,NA,NA,197000
959,8,1997,1396,SBrkr,2392,2,Attchd,3,870,NA,NA,348000
960,8,1882,916,SBrkr,1742,1,Attchd,2,424,NA,NA,168000
961,6,1964,822,SBrkr,1851,2,Attchd,2,440,MnWw,NA,187000
962,6,2005,750,SBrkr,1500,2,Attchd,2,564,NA,NA,173900
963,10,2006,1700,SBrkr,1718,2,Attchd,3,786,NA,NA,337500
964,4,1946,747,SBrkr,1230,1,Detchd,1,305,MnPrv,NA,121600
965,5,1961,1050,SBrkr,1050,1,NA,1,368,NA,NA,136500
966,6,1970,1442,SBrkr,1442,2,Attchd,2,615,NA,NA,185000
967,3,1922,1007,SBrkr,1077,1,Detchd,1,210,NA,NA,91000
968,7,2006,1187,SBrkr,1208,2,Attchd,2,632,NA,NA,206000
969,3,1952,0,FuseF,944,1,Detchd,2,528,NA,NA,82000
970,5,1920,691,FuseA,691,1,Detchd,1,216,NA,NA,86000
971,8,2006,1574,SBrkr,1574,2,Attchd,3,824,NA,NA,232000
972,7,2005,1346,SBrkr,1504,2,Attchd,2,457,NA,NA,181000
973,5,1977,985,SBrkr,985,2,Attchd,1,328,NA,NA,149900
974,6,1970,1657,SBrkr,1657,2,Attchd,2,484,NA,NA,163500
975,4,1970,546,SBrkr,1092,1,NA,1,286,NA,NA,88000
976,7,2004,1710,SBrkr,1710,2,Attchd,2,550,NA,NA,240000
977,5,1926,1008,SBrkr,1522,2,NA,0,0,NA,NA,102000
978,5,1948,720,SBrkr,1271,2,Attchd,1,312,NA,NA,135000
979,5,1965,0,SBrkr,1664,2,NA,0,0,NA,NA,100000
980,6,1923,602,SBrkr,1502,1,Detchd,1,180,NA,NA,165000
981,5,1910,1022,SBrkr,1022,1,Detchd,1,280,NA,NA,85000
982,6,1948,1082,SBrkr,1082,1,Detchd,1,240,NA,NA,119200
983,8,2001,810,SBrkr,1665,2,Attchd,2,528,NA,NA,227000
984,7,1996,1504,SBrkr,1504,2,Attchd,2,478,NA,NA,203000
985,8,1984,1220,SBrkr,1360,1,Attchd,2,565,NA,NA,187500
986,7,1991,384,SBrkr,1472,2,Attchd,2,402,NA,NA,160000
987,7,2005,1362,SBrkr,1506,2,Attchd,2,440,NA,NA,213490
988,4,2005,1132,SBrkr,1132,1,Attchd,2,451,NA,NA,176000
989,7,2006,1199,SBrkr,1220,2,Attchd,2,632,NA,NA,194000
990,5,1930,912,FuseA,1248,1,Detchd,1,160,NA,NA,87000
991,7,2005,1346,SBrkr,1504,2,Attchd,2,437,NA,NA,191000
992,8,1976,1565,SBrkr,2898,2,Attchd,2,665,NA,NA,287000
993,5,1972,882,SBrkr,882,1,Detchd,2,461,MnPrv,NA,112500
994,5,1960,1268,SBrkr,1264,1,Attchd,2,461,NA,NA,167500
995,8,2007,1638,SBrkr,1646,2,Attchd,3,800,NA,NA,293077
996,5,1941,768,SBrkr,1376,1,Attchd,1,240,NA,NA,105000
997,6,1972,672,SBrkr,1218,1,Detchd,1,264,NA,NA,118000
998,5,1916,686,SBrkr,1928,2,NA,0,0,NA,NA,160000
999,7,1920,824,SBrkr,3082,2,Basment,2,672,NA,NA,197000
1000,8,1993,1338,SBrkr,2520,2,Attchd,3,796,NA,NA,310000
1001,7,2002,1654,SBrkr,1654,2,Attchd,3,900,NA,NA,230000
1002,5,1938,920,SBrkr,954,1,Basment,1,240,MnPrv,NA,119750
1003,4,1957,0,SBrkr,845,1,Detchd,1,290,NA,NA,84000
1004,9,2007,1620,SBrkr,1620,2,Attchd,3,912,NA,NA,315500
1005,8,2001,1055,SBrkr,2263,2,BuiltIn,2,905,NA,NA,287000
1006,4,1970,546,SBrkr,1344,1,NA,0,0,NA,NA,97000
1007,4,1970,630,SBrkr,630,1,NA,1,286,NA,NA,80000
1008,5,1957,1134,SBrkr,1803,2,Attchd,2,484,GdPrv,NA,155000
1009,6,1966,800,SBrkr,1632,1,Attchd,2,484,NA,NA,173000
1010,6,2005,1306,SBrkr,1306,2,Attchd,2,624,NA,NA,196000
1011,7,1990,1475,SBrkr,2329,2,Attchd,2,514,NA,NA,262280
1012,8,1981,2524,SBrkr,2524,2,Attchd,2,542,MnPrv,NA,278000
1013,3,1955,0,FuseA,1733,2,Attchd,2,452,NA,NA,139600
1014,9,2005,1992,SBrkr,2868,3,BuiltIn,3,716,NA,NA,556581
1015,5,1994,990,SBrkr,990,1,Detchd,2,672,NA,NA,145000
1016,5,1960,0,SBrkr,1771,1,Attchd,2,336,GdPrv,NA,115000
1017,4,1946,0,SBrkr,930,1,Detchd,1,308,NA,NA,84900
1018,7,2007,1302,SBrkr,1302,2,Attchd,2,436,NA,NA,176485
1019,7,2007,1316,SBrkr,1316,2,Attchd,2,440,NA,NA,200141
1020,6,1964,816,SBrkr,1977,1,Attchd,2,540,GdPrv,NA,165000
1021,5,1957,1216,FuseA,1526,1,Basment,1,364,NA,NA,144500
1022,8,2002,1065,SBrkr,1989,2,Attchd,2,586,NA,NA,255000
1023,6,1976,1193,SBrkr,1523,2,Attchd,2,478,MnPrv,NA,180000
1024,7,2005,1364,SBrkr,1364,2,Attchd,2,484,NA,NA,185850
1025,7,1994,973,SBrkr,1850,2,BuiltIn,2,467,NA,NA,248000
1026,9,2008,1104,SBrkr,2184,2,Attchd,3,836,NA,NA,335000
1027,6,1932,854,SBrkr,1991,1,Detchd,2,432,NA,NA,220000
1028,8,2001,1338,SBrkr,1338,2,Attchd,2,582,NA,NA,213500
1029,3,1935,894,SBrkr,894,1,Detchd,3,1248,NA,Shed,81000
1030,5,1900,662,SBrkr,2337,2,Detchd,2,560,NA,NA,90000
1031,6,1925,1103,SBrkr,1103,1,Detchd,2,440,MnPrv,NA,110500
1032,5,1966,1154,SBrkr,1154,1,Attchd,2,480,MnPrv,NA,154000
1033,7,1996,1306,SBrkr,2260,2,Attchd,2,533,NA,NA,328000
1034,6,1993,799,SBrkr,1571,2,Attchd,2,380,NA,NA,178000
1035,6,1964,780,SBrkr,1611,1,Attchd,2,442,NA,NA,167900
1036,6,1973,942,SBrkr,2521,2,Attchd,2,576,GdPrv,NA,151400
1037,5,1949,845,SBrkr,893,1,Detchd,2,576,NA,NA,135000
1038,5,1956,1048,SBrkr,1048,1,Attchd,1,286,NA,NA,135000
1039,6,1968,727,SBrkr,1556,1,Attchd,2,441,NA,NA,154000
1040,5,1948,810,FuseA,1456,1,Detchd,1,280,NA,NA,91500
1041,6,1977,690,SBrkr,1426,1,Attchd,2,440,MnPrv,NA,159500
1042,7,2006,1240,SBrkr,1240,2,Attchd,3,826,NA,NA,194000
1043,7,1940,800,SBrkr,1740,1,Attchd,1,240,NA,NA,219500
1044,5,1936,796,SBrkr,1466,2,Attchd,2,566,NA,Shed,170000
1045,5,1969,1096,SBrkr,1096,1,Attchd,1,299,NA,NA,138800
1046,6,2004,848,SBrkr,848,1,Attchd,2,420,NA,NA,155900
1047,5,1994,990,SBrkr,990,1,NA,1,299,NA,NA,126000
1048,6,1971,1258,SBrkr,1258,2,Attchd,2,528,NA,NA,145000
1049,5,1963,1040,SBrkr,1040,1,Attchd,1,308,MnPrv,NA,133000
1050,7,2002,1459,SBrkr,1459,2,Attchd,2,527,NA,NA,192000
1051,6,1964,1251,SBrkr,1251,1,Attchd,1,461,MnPrv,Shed,160000
1052,6,1995,691,SBrkr,1498,2,Attchd,2,409,NA,NA,187500
1053,6,1992,936,SBrkr,996,1,Attchd,2,564,NA,NA,147000
1054,4,1973,546,SBrkr,1092,1,NA,1,286,NA,NA,83500
1055,8,2005,1082,SBrkr,1953,2,Attchd,3,1043,NA,NA,252000
1056,7,2004,970,SBrkr,1709,2,Detchd,2,380,NA,NA,137500
1057,8,2005,1247,SBrkr,1247,1,Attchd,2,550,NA,NA,197000
1058,7,1999,600,SBrkr,1252,2,Detchd,2,462,NA,NA,160000
1059,6,1925,1181,SBrkr,1694,2,Detchd,2,576,NA,NA,136500
1060,5,1965,864,SBrkr,1200,1,Detchd,2,884,MnPrv,NA,146000
1061,5,1956,936,SBrkr,936,1,Attchd,1,308,NA,NA,129000
1062,6,2006,1314,SBrkr,1314,2,Attchd,2,440,NA,NA,176432
1063,6,1914,684,SBrkr,1355,1,NA,0,0,NA,NA,127000
1064,8,1986,1074,SBrkr,1088,1,Attchd,2,461,NA,NA,170000
1065,4,1936,672,SBrkr,1324,1,Detchd,1,240,NA,NA,128000
1066,7,1978,1271,SBrkr,1601,2,Attchd,2,478,NA,NA,157000
1067,2,1920,290,FuseF,438,1,Detchd,1,246,NA,NA,60000
1068,5,1971,950,SBrkr,950,1,Detchd,1,280,NA,NA,119500
1069,5,1960,1010,SBrkr,1134,1,NA,1,254,MnWw,NA,135000
1070,6,1959,655,SBrkr,1194,1,BuiltIn,2,539,NA,NA,159500
1071,5,1970,630,SBrkr,1302,2,Detchd,2,440,NA,NA,106000
1072,8,1994,1463,SBrkr,2622,2,Attchd,2,712,NA,NA,325000
1073,7,1990,910,SBrkr,1442,2,Attchd,2,719,NA,NA,179900
1074,7,2006,868,SBrkr,2021,2,BuiltIn,2,422,NA,NA,274725
1075,6,2000,924,SBrkr,1690,2,Attchd,2,463,NA,NA,181000
1076,8,2004,1836,SBrkr,1836,2,Attchd,3,862,NA,NA,280000
1077,6,1995,773,SBrkr,1658,2,Attchd,2,431,NA,NA,188000
1078,7,1976,803,SBrkr,1964,2,Attchd,2,483,NA,NA,205000
1079,5,1957,816,FuseA,816,1,Detchd,1,308,NA,NA,129900
1080,5,1953,1008,SBrkr,1008,1,Attchd,1,240,NA,NA,134500
1081,5,1954,833,SBrkr,833,1,Detchd,1,326,MnPrv,NA,117000
1082,8,2007,1734,SBrkr,1734,2,Attchd,3,928,NA,NA,318000
1083,8,2002,408,SBrkr,1419,2,BuiltIn,2,527,NA,NA,184100
1084,5,1967,894,SBrkr,894,1,Attchd,2,450,NA,NA,130000
1085,5,1958,533,SBrkr,1601,1,BuiltIn,1,300,NA,NA,140000
1086,5,1959,1040,FuseA,1040,1,Attchd,1,286,GdWo,NA,133700
1087,6,1920,1012,FuseA,1012,1,Detchd,1,308,MnPrv,NA,118400
1088,7,2005,1552,SBrkr,1552,2,Attchd,3,782,NA,NA,212900
1089,4,1956,672,FuseA,960,1,Basment,1,288,MnPrv,NA,112000
1090,5,1947,698,SBrkr,698,1,NA,0,0,NA,NA,118000
1091,7,1992,384,SBrkr,1482,2,Attchd,2,392,NA,NA,163900
1092,4,1955,1005,SBrkr,1005,1,Detchd,2,672,NA,NA,115000
1093,7,2007,1373,SBrkr,1555,2,Attchd,3,660,NA,NA,174000
1094,7,2004,1530,SBrkr,1530,2,Attchd,3,630,NA,NA,259000
1095,7,2004,847,SBrkr,1959,2,BuiltIn,2,434,NA,NA,215000
1096,5,1980,936,SBrkr,936,1,Detchd,2,672,NA,NA,140000
1097,4,1928,1122,SBrkr,1981,2,Detchd,2,576,MnPrv,NA,135000
1098,5,1991,974,SBrkr,974,1,NA,0,0,MnPrv,NA,93500
1099,6,1880,1008,SBrkr,2210,2,Detchd,1,205,NA,NA,117500
1100,8,1995,1128,SBrkr,2020,2,Attchd,2,466,NA,NA,239500
1101,6,1997,916,SBrkr,1600,2,Attchd,2,460,NA,NA,169000
1102,6,1926,960,SBrkr,986,1,Detchd,1,180,NA,NA,102000
1103,6,1950,1032,FuseA,1252,1,Attchd,1,288,NA,NA,119000
1104,5,1875,780,SBrkr,1020,1,NA,0,0,NA,NA,94000
1105,6,1977,1567,SBrkr,1567,2,Attchd,2,714,NA,NA,196000
1106,5,1951,952,SBrkr,952,1,Detchd,2,840,NA,NA,139000
1107,5,1976,780,SBrkr,1868,2,Attchd,2,484,NA,NA,197500
1108,8,2006,1466,SBrkr,2828,3,BuiltIn,3,1052,NA,NA,424870
1109,5,1959,1006,SBrkr,1006,1,NA,0,0,NA,NA,80000
1110,4,1941,672,FuseA,924,1,Detchd,1,280,MnPrv,NA,80000
1111,5,1928,1042,SBrkr,1576,1,Detchd,1,225,NA,NA,149000
1112,6,1985,1298,SBrkr,1298,2,Attchd,2,403,NA,NA,180000
1113,7,1941,704,SBrkr,1564,1,Attchd,1,234,NA,NA,174500
1114,7,1926,572,SBrkr,1111,1,Detchd,1,288,NA,NA,116900
1115,7,1920,650,SBrkr,1482,1,Detchd,2,324,NA,NA,143000
1116,6,1950,932,FuseA,932,1,NA,1,306,GdPrv,NA,124000
1117,5,1959,1466,SBrkr,1466,1,Attchd,2,528,NA,NA,149900
1118,6,1956,1073,SBrkr,1811,1,Attchd,2,470,NA,NA,230000
1119,6,1930,816,SBrkr,816,1,Detchd,1,432,NA,NA,120500
1120,7,1965,864,SBrkr,1820,1,Attchd,2,492,GdPrv,NA,201800
1121,5,1976,1437,SBrkr,1437,2,Attchd,2,528,NA,NA,218000
1122,5,1965,1219,SBrkr,1265,2,Attchd,2,502,MnPrv,NA,179900
1123,7,2007,1314,SBrkr,1314,2,Attchd,2,626,NA,NA,230000
1124,8,2007,1580,SBrkr,1580,2,Attchd,3,830,NA,NA,235128
1125,6,1974,901,SBrkr,1876,2,Attchd,2,540,NA,NA,185000
1126,6,1978,855,SBrkr,1456,2,Attchd,2,440,NA,NA,146000
1127,6,1954,1296,SBrkr,1640,1,Detchd,2,924,NA,NA,224000
1128,5,1968,894,SBrkr,894,1,Attchd,2,450,NA,NA,129000
1129,4,1969,1198,SBrkr,1258,0,CarPort,2,400,NA,NA,108959
1130,5,1978,1360,SBrkr,1432,1,Attchd,2,588,NA,NA,194000
1131,7,2009,1502,SBrkr,1502,2,Attchd,2,644,NA,NA,233170
1132,8,2008,1694,SBrkr,1694,2,Attchd,3,776,NA,NA,245350
1133,6,2000,959,SBrkr,1671,2,Attchd,2,472,NA,NA,173000
1134,6,1935,1127,SBrkr,2108,2,Basment,2,540,NA,NA,235000
1135,10,1995,1930,SBrkr,3627,3,Attchd,3,807,NA,NA,625000
1136,6,1977,1096,SBrkr,1118,1,Attchd,1,358,GdPrv,NA,171000
1137,6,1958,1261,SBrkr,1261,1,Attchd,2,433,NA,Shed,163000
1138,7,2006,625,SBrkr,1250,2,Detchd,2,625,NA,NA,171900
1139,5,1946,1598,SBrkr,3086,3,NA,0,0,MnPrv,NA,200500
1140,6,1932,952,SBrkr,2345,2,Detchd,2,360,NA,NA,239000
1141,8,1992,1683,SBrkr,2872,2,Attchd,2,541,NA,NA,285000
1142,5,1984,876,SBrkr,923,1,Attchd,1,264,MnPrv,NA,119500
1143,6,1926,818,SBrkr,1224,1,Detchd,1,210,NA,NA,115000
1144,5,1921,731,SBrkr,1343,1,Detchd,1,186,NA,NA,154900
1145,5,1954,0,SBrkr,1124,1,NA,0,0,NA,NA,93000
1146,7,1990,1216,SBrkr,2514,2,Attchd,2,693,GdPrv,NA,250000
1147,8,2008,1600,SBrkr,1652,2,Attchd,2,482,NA,NA,392500
1148,10,1996,2396,SBrkr,4476,3,Attchd,3,813,MnPrv,NA,745000
1149,5,1920,1120,SBrkr,1130,1,Detchd,2,720,NA,NA,120000
1150,5,1963,1572,SBrkr,1572,1,2Types,3,995,NA,NA,186700
1151,5,1924,784,SBrkr,1221,1,Attchd,1,392,NA,NA,104900
1152,3,1900,978,SBrkr,1699,2,CarPort,2,420,NA,NA,95000
1153,8,1994,1624,SBrkr,1624,2,Attchd,3,757,GdPrv,NA,262000
1154,7,2002,831,SBrkr,1660,2,Attchd,2,493,NA,NA,195000
1155,7,1999,994,SBrkr,1804,2,Attchd,2,442,NA,NA,189000
1156,4,1961,1249,SBrkr,1622,1,2Types,4,1356,NA,NA,168000
1157,8,1999,776,SBrkr,1441,2,Detchd,2,492,NA,NA,174000
1158,5,1925,702,SBrkr,1472,1,Detchd,1,250,GdWo,NA,125000
1159,6,1999,1224,SBrkr,1224,2,Attchd,2,402,NA,NA,165000
1160,6,1969,663,SBrkr,1352,1,NA,1,299,MnPrv,NA,158000
1161,6,2005,728,SBrkr,1456,2,Attchd,2,400,NA,NA,176000
1162,7,2006,879,SBrkr,1863,2,BuiltIn,3,660,NA,NA,219210
1163,7,1916,815,SBrkr,1690,1,Detchd,1,225,NA,NA,144000
1164,7,2001,1212,SBrkr,1212,2,Attchd,2,573,NA,NA,178000
1165,4,1963,1051,SBrkr,1382,1,Attchd,2,459,NA,NA,148000
1166,4,1970,864,SBrkr,864,1,Attchd,1,280,NA,Shed,116050
1167,7,1998,866,SBrkr,1779,2,Attchd,2,546,NA,NA,197900
1168,5,1925,884,SBrkr,1348,1,Detchd,1,216,NA,NA,117000
1169,7,2000,1630,SBrkr,1630,2,Attchd,2,451,NA,NA,213000
1170,5,1975,1056,SBrkr,1074,1,Attchd,2,495,MnPrv,NA,153500
1171,7,1990,2158,SBrkr,2196,2,Attchd,3,701,NA,NA,271900
1172,4,1966,1056,SBrkr,1056,1,Detchd,1,384,MnPrv,NA,107000
1173,6,2003,1682,SBrkr,1700,2,Attchd,2,544,NA,NA,200000
1174,5,1962,931,SBrkr,1283,1,Detchd,2,506,NA,NA,140000
1175,8,2006,1660,SBrkr,1660,2,Attchd,2,500,NA,NA,290000
1176,6,1992,1055,SBrkr,1845,2,Attchd,2,462,GdPrv,Shed,189000
1177,8,1988,559,SBrkr,1752,2,Basment,2,492,NA,NA,164000
1178,4,1941,672,SBrkr,672,1,Attchd,1,234,NA,NA,113000
1179,4,1965,648,SBrkr,960,0,NA,1,364,NA,NA,145000
1180,5,1962,925,SBrkr,999,1,Attchd,1,300,NA,NA,134500
1181,5,1966,894,SBrkr,894,1,Detchd,1,384,MnPrv,NA,125000
1182,6,1978,0,SBrkr,1902,2,Attchd,2,539,NA,NA,112000
1183,8,2009,1300,SBrkr,1314,2,Attchd,2,552,NA,NA,229456
1184,4,1947,0,SBrkr,912,1,NA,0,0,NA,NA,80500
1185,6,1971,672,SBrkr,1218,1,NA,0,0,NA,NA,91500
1186,5,1964,912,SBrkr,912,1,Attchd,1,288,NA,NA,115000
1187,5,1968,952,SBrkr,1211,1,NA,1,322,NA,NA,134000
1188,6,1949,1040,SBrkr,1846,2,Attchd,1,315,GdWo,NA,143000
1189,7,2004,788,SBrkr,1490,2,Attchd,2,388,NA,NA,184000
1190,6,1958,588,SBrkr,1138,1,Attchd,1,264,MnWw,NA,145000
1191,6,2007,894,SBrkr,1933,2,BuiltIn,3,668,NA,NA,214000
1192,5,1965,912,SBrkr,912,1,Detchd,2,576,NA,NA,147000
1193,9,2008,1702,SBrkr,1702,1,Attchd,3,1052,NA,NA,367294
1194,5,1960,1075,SBrkr,1507,2,Basment,1,404,GdWo,NA,127000
1195,5,1977,1361,SBrkr,2620,2,BuiltIn,2,600,NA,Gar2,190000
1196,5,1962,1106,SBrkr,1190,1,Attchd,2,540,GdWo,NA,132500
1197,4,1962,0,SBrkr,1224,2,CarPort,2,462,NA,NA,101800
1198,5,1959,1188,SBrkr,1188,1,Attchd,2,531,MnPrv,NA,142000
1199,5,1911,940,FuseA,1964,1,NA,0,0,NA,NA,130000
1200,5,1914,747,FuseF,1784,1,Detchd,1,180,NA,NA,138887
1201,7,2003,764,SBrkr,1626,2,BuiltIn,2,474,NA,NA,175500
1202,7,2004,847,SBrkr,1948,2,BuiltIn,2,434,NA,NA,195000
1203,6,2005,1141,SBrkr,1141,1,Detchd,2,484,NA,NA,142500
1204,8,2006,1476,SBrkr,1484,2,Attchd,2,472,NA,NA,265900
1205,7,2003,884,SBrkr,1768,2,Attchd,2,543,NA,NA,224900
1206,7,2007,1689,SBrkr,1689,2,Attchd,3,954,NA,NA,248328
1207,7,1974,1053,SBrkr,1173,2,Attchd,2,528,MnPrv,NA,170000
1208,10,2006,2076,SBrkr,2076,2,Attchd,3,850,NA,NA,465000
1209,8,1929,792,SBrkr,1517,1,Detchd,2,400,NA,NA,230000
1210,6,1984,585,SBrkr,1868,3,BuiltIn,2,477,NA,NA,178000
1211,7,2005,756,SBrkr,1553,2,Attchd,2,615,NA,NA,186500
1212,6,1976,1012,SBrkr,1034,1,Attchd,3,888,NA,NA,169900
1213,6,1917,735,SBrkr,2058,1,Detchd,2,396,NA,NA,129500
1214,5,1950,876,SBrkr,988,1,NA,1,276,NA,NA,119000
1215,7,1968,2110,SBrkr,2110,2,Attchd,2,522,NA,NA,244000
1216,7,2003,1405,SBrkr,1405,2,Attchd,2,478,NA,NA,171750
1217,5,1968,864,SBrkr,874,1,Attchd,1,288,GdWo,Shed,130000
1218,7,1974,1192,SBrkr,2167,2,Attchd,2,518,MnPrv,NA,294000
1219,7,2003,746,SBrkr,1656,2,BuiltIn,2,397,NA,NA,165400
1220,6,1931,884,FuseA,1367,1,Detchd,1,560,NA,NA,127500
1221,8,1994,1986,SBrkr,1987,2,Attchd,2,691,NA,NA,301500
1222,5,1922,864,SBrkr,864,1,NA,0,0,NA,NA,99900
1223,7,2005,856,SBrkr,1166,2,Attchd,2,400,NA,NA,190000
1224,6,1969,1054,SBrkr,1054,1,Attchd,2,460,NA,NA,151000
1225,6,1999,841,SBrkr,1675,2,BuiltIn,2,502,NA,NA,181000
1226,5,1956,1050,SBrkr,1050,1,Attchd,1,338,NA,NA,128900
1227,4,1957,1104,FuseA,1788,1,Attchd,1,304,NA,NA,161500
1228,6,1919,764,FuseA,1824,1,Detchd,2,520,GdPrv,NA,180500
1229,6,1998,1405,SBrkr,1337,2,Attchd,2,511,NA,NA,181000
1230,7,1910,925,FuseF,1889,1,Detchd,1,308,MnPrv,NA,122000
1231,9,2008,2002,SBrkr,2018,2,Attchd,3,746,NA,NA,378500
1232,8,1935,728,SBrkr,3447,3,BuiltIn,3,1014,GdWo,NA,381000
1233,5,1958,874,FuseA,1524,1,Attchd,1,315,GdWo,NA,144000
1234,7,1979,1332,SBrkr,1524,0,Attchd,2,586,NA,NA,260000
1235,6,1968,1489,SBrkr,1489,2,Attchd,2,462,NA,NA,185750
1236,5,1965,935,SBrkr,935,1,Attchd,1,288,MnPrv,NA,137000
1237,6,1959,1019,SBrkr,1357,1,Basment,1,312,GdPrv,NA,177000
1238,5,1910,661,SBrkr,1250,2,Detchd,2,552,NA,NA,139000
1239,5,1948,928,FuseA,1920,2,Detchd,2,400,NA,NA,137000
1240,6,1972,723,SBrkr,1395,1,Attchd,2,497,NA,NA,162000
1241,6,1967,1680,SBrkr,1724,1,Attchd,2,480,NA,NA,197900
1242,8,2002,1128,SBrkr,2031,2,Attchd,2,577,NA,NA,237000
1243,4,1920,698,FuseA,1128,1,Detchd,2,528,NA,NA,68400
1244,7,2002,1573,SBrkr,1573,2,Attchd,2,544,NA,NA,227000
1245,7,1990,1309,SBrkr,1339,2,Attchd,2,484,NA,NA,180000
1246,5,1977,1040,SBrkr,1040,2,Detchd,2,484,NA,NA,150500
1247,6,1971,912,SBrkr,1824,2,NA,0,0,NA,NA,139000
1248,6,1919,804,SBrkr,2447,2,Detchd,1,336,NA,NA,169000
1249,6,1939,780,FuseF,1412,1,Detchd,1,280,NA,NA,132500
1250,6,1963,1328,SBrkr,1328,1,Attchd,2,528,NA,NA,143000
1251,5,1964,1624,SBrkr,1582,2,Attchd,2,390,NA,NA,190000
1252,8,2000,1501,SBrkr,1659,2,Attchd,2,499,NA,NA,278000
1253,8,2006,1085,SBrkr,1970,2,BuiltIn,3,753,NA,NA,281000
1254,5,1964,1152,SBrkr,1152,1,Attchd,2,484,NA,NA,180500
1255,5,1972,630,SBrkr,1302,2,Detchd,1,264,NA,NA,119500
1256,5,1892,994,SBrkr,2372,2,NA,1,432,NA,NA,107500
1257,7,1976,832,SBrkr,1664,2,Attchd,2,528,GdWo,NA,162900
1258,5,1968,1052,SBrkr,1052,1,Attchd,1,288,GdWo,NA,138500
1259,5,1963,1120,SBrkr,1128,2,Attchd,2,525,MnPrv,NA,155000
1260,6,2005,547,SBrkr,1072,2,Basment,2,525,NA,NA,140000
1261,10,2008,6110,SBrkr,5642,2,Attchd,2,1418,NA,NA,160000
1262,5,1959,1246,SBrkr,1246,1,Attchd,1,305,GdPrv,NA,154000
1263,7,1999,978,SBrkr,1983,2,Attchd,2,490,NA,NA,225000
1264,6,1942,771,SBrkr,1494,1,NA,1,213,NA,NA,177500
1265,8,1994,1165,SBrkr,2526,2,Attchd,3,844,NA,NA,290000
1266,7,2005,1616,SBrkr,1616,2,Attchd,3,834,NA,NA,232000
1267,7,2004,976,SBrkr,1708,2,Detchd,2,380,NA,NA,130000
1268,9,2006,1652,SBrkr,1652,2,Attchd,2,840,NA,NA,325000
1269,7,2005,1368,SBrkr,1368,2,Attchd,2,474,NA,NA,202500
1270,5,1994,990,SBrkr,990,1,Detchd,2,480,NA,NA,138000
1271,5,1948,924,SBrkr,1122,1,Attchd,2,528,GdWo,NA,147000
1272,6,1991,1278,SBrkr,1294,2,Attchd,2,496,GdWo,NA,179200
1273,7,1959,1902,SBrkr,1902,2,Attchd,2,567,NA,NA,335000
1274,7,2005,1274,SBrkr,1274,2,Attchd,2,508,NA,NA,203000
1275,8,1990,1453,SBrkr,2810,2,Attchd,2,750,NA,NA,302000
1276,9,1999,1393,SBrkr,2599,2,BuiltIn,3,779,NA,NA,333168
1277,4,1954,948,SBrkr,948,1,Detchd,1,280,NA,NA,119000
1278,6,1969,952,SBrkr,2112,2,Attchd,2,576,NA,NA,206900
1279,8,2008,1622,SBrkr,1630,2,Attchd,3,860,NA,NA,295493
1280,7,2006,1352,SBrkr,1352,2,Attchd,2,466,NA,NA,208900
1281,8,2001,1753,SBrkr,1787,2,Attchd,3,748,NA,NA,275000
1282,4,1954,864,SBrkr,948,1,Attchd,1,248,NA,NA,111000
1283,6,1957,1478,SBrkr,1478,1,Attchd,2,442,NA,NA,156500
1284,3,1949,0,SBrkr,720,1,Detchd,1,287,NA,NA,72500
1285,7,1992,750,SBrkr,1923,2,Attchd,2,564,NA,NA,190000
1286,4,1940,420,SBrkr,708,1,NA,0,0,NA,NA,82500
1287,8,2006,1795,SBrkr,1795,2,Attchd,3,895,NA,NA,147000
1288,4,1922,796,SBrkr,796,1,NA,0,0,MnPrv,NA,55000
1289,3,1931,544,SBrkr,774,1,NA,0,0,NA,NA,79000
1290,5,1982,816,SBrkr,816,1,Attchd,1,264,MnPrv,NA,130500
1291,6,1920,1510,SBrkr,2792,2,Detchd,2,520,MnPrv,Shed,256000
1292,7,1998,935,SBrkr,1632,2,Attchd,2,462,NA,NA,176500
1293,8,2006,1588,SBrkr,1588,2,Attchd,3,825,NA,NA,227000
1294,5,1976,911,SBrkr,954,1,Detchd,2,576,NA,NA,132500
1295,4,1938,816,SBrkr,816,1,Detchd,1,288,NA,NA,100000
1296,5,1938,803,SBrkr,1360,1,Detchd,1,297,MnPrv,NA,125500
1297,5,1970,765,SBrkr,1365,1,Attchd,2,440,NA,NA,125000
1298,6,1977,1350,SBrkr,1334,2,Attchd,2,630,NA,NA,167900
1299,4,1941,693,FuseA,693,1,NA,0,0,NA,NA,52500
1300,7,2002,916,SBrkr,1861,2,BuiltIn,2,492,NA,NA,200000
1301,5,1972,864,SBrkr,864,1,Attchd,1,288,NA,NA,128500
1302,4,1971,858,SBrkr,872,1,Detchd,4,480,GdWo,NA,123000
1303,6,2003,1114,SBrkr,1114,1,Detchd,2,576,NA,NA,155000
1304,8,2002,1284,SBrkr,2169,2,Attchd,2,647,NA,NA,228500
1305,6,1928,896,SBrkr,1913,1,Detchd,2,342,NA,NA,177000
1306,7,2006,728,SBrkr,1456,2,Attchd,2,440,NA,NA,155835
1307,4,1920,960,FuseA,960,1,Detchd,1,308,NA,NA,108500
1308,7,1968,1568,SBrkr,2156,2,Attchd,2,508,NA,NA,262500
1309,8,2006,1732,SBrkr,1776,2,Attchd,3,712,NA,NA,283463
1310,7,1998,1482,SBrkr,1494,2,Attchd,2,514,NA,NA,215000
1311,8,1872,684,SBrkr,2358,2,NA,0,0,NA,NA,122000
1312,5,1969,1248,SBrkr,2634,2,Detchd,4,968,NA,NA,200000
1313,6,1962,858,SBrkr,1716,1,Attchd,2,490,NA,NA,171000
1314,6,1937,698,SBrkr,1176,1,Detchd,2,624,NA,NA,134900
1315,8,1995,2033,SBrkr,3238,2,Attchd,3,666,NA,NA,410000
1316,7,2000,992,SBrkr,1865,2,Attchd,3,839,NA,NA,235000
1317,7,1968,570,SBrkr,1920,3,Attchd,2,487,GdPrv,NA,170000
1318,5,1966,864,SBrkr,892,1,NA,1,264,GdWo,NA,110000
1319,5,1971,1078,SBrkr,1078,1,Attchd,2,500,NA,NA,149900
1320,9,2004,1980,SBrkr,1980,2,Attchd,3,770,NA,NA,315000
1321,5,1921,612,SBrkr,2601,3,BuiltIn,2,621,NA,NA,189000
1322,7,2005,1530,SBrkr,1530,2,Attchd,2,430,NA,NA,260000
1323,4,1920,715,SBrkr,1738,2,Attchd,1,368,NA,NA,104900
1324,6,2006,616,SBrkr,1412,2,BuiltIn,2,432,NA,NA,156932
1325,7,2005,600,SBrkr,1200,2,Detchd,2,480,NA,NA,144152
1326,7,2000,814,SBrkr,1674,2,Attchd,2,663,NA,NA,216000
1327,7,1999,873,SBrkr,1790,2,Attchd,2,588,NA,NA,193000
1328,5,1977,757,SBrkr,1475,2,Attchd,1,336,NA,NA,127000
1329,6,2003,848,SBrkr,848,1,Attchd,2,420,NA,NA,144000
1330,8,2003,1657,SBrkr,1668,2,Attchd,2,502,NA,NA,232000
1331,4,1920,840,SBrkr,1374,1,Detchd,1,338,NA,NA,105000
1332,6,1955,992,SBrkr,1661,1,BuiltIn,1,377,MnPrv,NA,165500
1333,7,1998,1108,SBrkr,2097,2,Detchd,2,583,NA,NA,274300
1334,10,2001,2633,SBrkr,2633,2,Attchd,3,804,NA,NA,466500
1335,7,2005,1026,SBrkr,1958,2,Attchd,3,936,NA,NA,250000
1336,8,2007,1571,SBrkr,1571,2,Attchd,3,722,NA,NA,239000
1337,6,1930,768,SBrkr,790,1,Detchd,1,160,NA,NA,91000
1338,5,1941,984,SBrkr,1604,2,Detchd,2,660,NA,NA,117000
1339,6,1973,483,SBrkr,987,1,Detchd,1,264,NA,NA,83000
1340,5,2006,384,NA,1394,2,BuiltIn,2,400,NA,NA,167500
1341,3,1914,864,FuseF,864,1,Detchd,1,200,NA,NA,58500
1342,6,1970,1205,SBrkr,2117,2,Attchd,2,550,NA,NA,237500
1343,7,1920,596,SBrkr,1762,1,Detchd,2,576,NA,NA,157000
1344,5,1918,816,SBrkr,1416,2,Attchd,2,576,NA,NA,112000
1345,6,1939,560,SBrkr,1258,1,Detchd,1,280,MnPrv,NA,105000
1346,4,1922,796,SBrkr,1154,1,Detchd,1,240,MnPrv,NA,125500
1347,7,1978,1392,SBrkr,2784,3,Attchd,2,564,MnPrv,TenC,250000
1348,6,1916,714,SBrkr,2526,2,Detchd,1,216,GdWo,NA,136000
1349,9,2006,1746,SBrkr,1746,2,Attchd,3,758,NA,NA,377500
1350,6,1941,735,SBrkr,1218,1,Detchd,2,440,NA,NA,131000
1351,7,2000,1525,SBrkr,1525,2,Attchd,2,541,NA,NA,235000
1352,5,1967,1584,SBrkr,1584,2,Detchd,3,792,NA,NA,124000
1353,5,1967,864,SBrkr,900,1,Attchd,1,288,MnWw,NA,123000
1354,7,2006,1356,SBrkr,1500,2,Attchd,3,648,NA,NA,246578
1355,8,2005,1094,SBrkr,2482,2,BuiltIn,3,642,NA,NA,281213
1356,5,1948,747,SBrkr,1687,1,Detchd,2,572,NA,NA,160000
1357,5,1920,939,SBrkr,1513,1,Detchd,1,180,NA,NA,137500
1358,5,1950,1208,FuseA,1904,1,NA,1,240,GdPrv,NA,138000
1359,6,1925,976,SBrkr,1608,2,Detchd,1,216,MnPrv,NA,137450
1360,6,1929,862,SBrkr,1158,1,BuiltIn,1,208,NA,NA,120000
1361,6,2004,839,SBrkr,1593,2,Attchd,2,398,NA,NA,193000
1362,7,2006,1286,SBrkr,1294,2,Attchd,2,662,NA,NA,193879
1363,8,2007,1485,SBrkr,1464,2,Attchd,3,754,NA,NA,282922
1364,3,1915,672,SBrkr,1214,1,Detchd,3,936,MnPrv,NA,105000
1365,8,2004,1594,SBrkr,1646,2,Attchd,2,482,NA,NA,275000
1366,5,1972,768,SBrkr,768,1,Detchd,2,396,MnPrv,NA,133000
1367,5,1985,833,SBrkr,833,1,NA,0,0,MnPrv,NA,112000
1368,4,1910,622,SBrkr,1363,1,Detchd,2,528,NA,NA,125500
1369,7,1986,791,SBrkr,2093,2,Attchd,2,542,MnPrv,NA,215000
1370,7,2001,944,SBrkr,1840,2,Attchd,2,622,NA,NA,230000
1371,6,1950,856,SBrkr,1668,1,Attchd,1,271,MnPrv,NA,140000
1372,4,1949,0,FuseF,1040,2,Detchd,2,420,NA,NA,90000
1373,8,2005,1844,SBrkr,1844,2,Attchd,2,620,NA,NA,257000
1374,6,1923,833,SBrkr,1848,1,Detchd,2,370,NA,NA,207000
1375,7,2007,1386,SBrkr,1569,2,Attchd,3,660,NA,NA,175900
1376,4,1885,777,SBrkr,2290,2,Detchd,2,560,NA,NA,122500
1377,8,1998,1284,SBrkr,2450,2,Attchd,3,1069,NA,NA,340000
1378,5,1963,1144,SBrkr,1144,1,Detchd,1,336,NA,NA,124000
1379,6,1969,1844,SBrkr,1844,2,Attchd,2,540,NA,NA,223000
1380,6,1968,708,SBrkr,1416,2,Attchd,2,776,NA,NA,179900
1381,6,1977,1069,SBrkr,1069,2,Attchd,2,440,NA,NA,127500
1382,6,2003,848,SBrkr,848,1,Attchd,2,420,NA,NA,136500
1383,6,1966,697,SBrkr,2201,2,Attchd,2,432,GdPrv,NA,274970
1384,5,1958,1024,SBrkr,1344,1,Detchd,1,484,GdWo,NA,144000
1385,6,1959,1252,SBrkr,1252,1,Detchd,2,528,NA,NA,142000
1386,7,1994,1223,SBrkr,2127,2,Attchd,2,525,NA,NA,271000
1387,5,1945,913,FuseA,1558,1,Attchd,1,288,NA,NA,140000
1388,5,1940,788,SBrkr,804,1,NA,1,240,MnPrv,NA,119000
1389,6,1981,1440,SBrkr,1440,2,Attchd,2,467,NA,NA,182900
1390,5,2005,732,SBrkr,1838,2,BuiltIn,2,372,NA,NA,192140
1391,6,1976,958,SBrkr,958,2,Attchd,2,440,NA,NA,143750
1392,4,1927,656,SBrkr,968,2,Detchd,1,216,NA,NA,64500
1393,6,2000,936,SBrkr,1792,2,Attchd,2,451,NA,NA,186500
1394,5,1977,1126,SBrkr,1126,2,Attchd,2,484,NA,NA,160000
1395,6,1962,1319,SBrkr,1537,1,Attchd,2,462,GdPrv,NA,174000
1396,8,2008,1932,SBrkr,1932,2,Attchd,3,774,NA,NA,394617
1397,6,1957,912,FuseA,1236,1,Attchd,2,923,MnPrv,NA,149700
1398,7,1979,539,SBrkr,1725,2,Attchd,2,550,NA,NA,197000
1399,6,1922,588,SBrkr,2555,2,Detchd,2,672,NA,NA,191000
1400,6,2004,848,SBrkr,848,1,Attchd,2,420,NA,NA,149300
1401,10,2008,1017,SBrkr,2007,2,Attchd,3,812,NA,NA,310000
1402,6,1916,952,FuseF,952,1,Detchd,1,192,NA,NA,121000
1403,7,2004,1422,SBrkr,1422,2,Attchd,2,626,NA,NA,179600
1404,6,1966,814,SBrkr,913,1,Detchd,1,240,NA,NA,129000
1405,5,1962,1188,SBrkr,1188,1,Attchd,1,312,NA,NA,157900
1406,8,1995,1220,SBrkr,2090,2,Attchd,2,556,NA,NA,240000
1407,4,1910,560,SBrkr,1346,1,Detchd,1,384,GdWo,NA,112000
1408,5,1970,630,SBrkr,630,1,NA,0,0,NA,NA,92000
1409,5,1974,896,SBrkr,1792,2,NA,0,0,NA,NA,136000
1410,8,2008,1573,SBrkr,1578,2,Attchd,3,840,NA,NA,287090
1411,5,2005,547,SBrkr,1072,1,Basment,2,525,NA,NA,145000
1412,5,2006,1140,SBrkr,1140,1,NA,0,0,NA,NA,84500
1413,7,2004,1221,SBrkr,1221,2,Attchd,2,400,NA,NA,185000
1414,6,1999,953,SBrkr,1647,2,Attchd,2,460,NA,NA,175000
1415,6,1978,1542,SBrkr,2073,2,Attchd,2,500,MnPrv,NA,210000
1416,7,1941,1152,SBrkr,2340,2,Attchd,1,252,GdPrv,Shed,266500
1417,5,1950,1078,FuseA,1078,1,NA,1,240,NA,NA,142125
1418,5,1965,1256,SBrkr,1256,1,Attchd,1,276,NA,NA,147500
